SqFt,Bedrooms,Bathrooms,AgeYears,GarageSpaces,LotSize,OverallQuality,DistanceToCityKm,Neighborhood,SalePrice,RoomsTotal,QualityPerAge
500.0,3,1.8,100.0,2.0,827.0,9,1.7,Suburb,146507.0,4.8,0.0891089108910891
3060.0,3,2.1,7.0,2.0,7723.0,8,0.5,Waterfront,677736.0,5.1,1.0
1036.0,2,2.3,7.0,0.0,3448.0,5,4.4,Rural,158750.0,4.3,0.625
895.0,4,3.1,3.0,1.0,1376.0,3,0.2,Suburb,219184.0,7.1,0.75
2362.0,2,1.2,4.0,2.0,8109.0,8,3.1,Downtown,462864.0,3.2,1.6
3142.0,3,2.1,7.0,2.0,10617.0,1,3.7,Downtown,510329.0,5.1,0.125
2561.0,3,2.0,31.0,2.0,8284.0,3,3.8,Downtown,409629.0,5.0,0.09375
2110.0,4,2.5,47.0,0.0,3573.0,7,31.0,Rural,258391.0,6.5,0.14583333333333334
2127.0,4,3.4,74.0,2.0,5654.0,4,2.9,Suburb,349996.0,7.4,0.05333333333333334
2269.0,4,2.2,5.0,1.0,6694.0,7,2.5,Rural,288056.0,6.2,1.1666666666666667
2217.0,4,3.7,43.0,2.0,7688.0,5,1.1,Downtown,428509.0,7.7,0.11363636363636363
1955.0,2,2.1,8.0,2.0,3157.0,6,5.7,Waterfront,449283.0,4.1,0.6666666666666666
1857.0,2,2.2,2.0,1.0,5500.0,7,1.3,Rural,277141.0,4.2,2.3333333333333335
1766.0,4,2.7,41.0,0.0,3495.0,10,7.7,Downtown,368181.0,6.7,0.23809523809523808
1385.0,3,2.2,20.0,0.0,2221.0,7,1.3,Downtown,292352.0,5.2,0.3333333333333333
1646.0,3,1.6,4.0,2.0,3570.0,7,6.9,Downtown,353644.0,4.6,1.4
869.0,1,1.0,11.0,2.0,2629.0,7,14.0,Suburb,213981.0,2.0,0.5833333333333334
1746.0,3,2.5,7.0,2.0,3962.0,7,0.3,Suburb,314235.0,5.5,0.875
1256.0,1,1.7,27.0,2.0,3060.0,3,4.4,Suburb,200341.0,2.7,0.10714285714285714
1193.0,4,2.3,12.0,1.0,4162.0,3,4.9,Downtown,291683.0,6.3,0.23076923076923078
1899.0,2,1.5,91.0,1.0,4022.0,7,12.5,Suburb,281677.0,3.5,0.07608695652173914
2566.0,3,2.2,1.0,2.0,6711.0,2,5.0,Downtown,373374.0,5.2,1.0
2305.0,1,1.0,9.0,1.0,4702.0,2,6.7,Downtown,374414.0,2.0,0.2
936.0,4,3.2,13.0,3.0,1969.0,3,12.5,Suburb,192185.0,7.2,0.21428571428571427
1256.0,3,1.9,14.0,2.0,3517.0,4,6.6,Suburb,241469.0,4.9,0.26666666666666666
2317.0,4,2.8,8.0,1.0,7778.0,6,3.5,Rural,322150.0,6.8,0.6666666666666666
1260.0,4,2.7,26.0,2.0,3084.0,8,0.7,Downtown,298125.0,6.7,0.2962962962962963
1676.0,3,1.9,42.0,2.0,4973.0,10,10.5,Suburb,322548.0,4.9,0.23255813953488372
2103.0,5,3.5,56.0,1.0,2955.0,10,16.4,Suburb,374157.0,8.5,0.17543859649122806
1267.0,5,3.4,33.0,0.0,2136.0,7,28.1,Downtown,292420.0,8.4,0.20588235294117646
1858.0,4,2.7,38.0,0.0,4375.0,4,20.9,Suburb,270610.0,6.7,0.10256410256410256
1066.0,4,2.5,16.0,2.0,1328.0,2,12.8,Downtown,230748.0,6.5,0.11764705882352941
1469.0,2,1.9,35.0,3.0,2617.0,2,8.3,Downtown,273625.0,3.9,0.05555555555555555
1976.0,3,3.1,7.0,2.0,4723.0,4,12.2,Waterfront,458859.0,6.1,0.5
924.0,2,1.8,10.0,0.0,1141.0,6,4.5,Waterfront,258344.0,3.8,0.5454545454545454
2042.0,2,2.2,8.0,1.0,3693.0,3,7.2,Rural,266115.0,4.2,0.3333333333333333
1789.0,5,2.8,13.0,2.0,4262.0,6,3.4,Suburb,318930.0,7.8,0.42857142857142855
2104.0,3,2.4,7.0,2.0,5298.0,5,3.2,Downtown,400043.0,5.4,0.625
1923.0,4,2.4,65.0,2.0,6402.0,5,11.3,Suburb,306424.0,6.4,0.07575757575757576
2550.0,4,2.2,8.0,2.0,6845.0,2,4.8,Suburb,375426.0,6.2,0.2222222222222222
1869.0,4,2.5,2.0,0.0,4026.0,8,1.9,Downtown,375789.0,6.5,2.6666666666666665
1564.0,5,4.1,15.0,2.0,5223.0,5,1.8,Suburb,310780.0,9.1,0.3125
1867.0,2,2.2,1.0,2.0,5611.0,2,15.7,Downtown,333325.0,4.2,1.0
2099.0,1,1.2,2.0,1.0,3484.0,7,9.1,Waterfront,478017.0,2.2,2.3333333333333335
1827.0,3,1.5,5.0,2.0,2742.0,9,6.3,Downtown,399618.0,4.5,1.5
1822.0,2,1.6,12.0,1.0,5018.0,9,4.1,Suburb,359550.0,3.6,0.6923076923076923
1414.0,1,1.3,11.0,0.0,3518.0,1,4.5,Suburb,224148.0,2.3,0.08333333333333333
1435.0,3,2.4,32.0,1.0,4328.0,7,0.5,Suburb,318859.0,5.4,0.21212121212121213
1029.0,4,2.0,27.0,1.0,2983.0,9,4.9,Suburb,251954.0,6.0,0.32142857142857145
2762.0,3,1.9,11.0,1.0,7286.0,6,12.7,Downtown,468835.0,4.9,0.5
1116.0,3,2.3,8.0,1.0,3871.0,1,3.9,Waterfront,285029.0,5.3,0.1111111111111111
1419.0,4,3.2,8.0,2.0,3444.0,2,3.9,Rural,200896.0,7.2,0.2222222222222222
1405.0,2,1.0,30.0,2.0,2052.0,4,0.2,Waterfront,298207.0,3.0,0.12903225806451613
2292.0,1,1.0,1.0,1.0,7117.0,4,4.9,Rural,282790.0,2.0,2.0
1638.0,4,3.0,0.0,0.0,2914.0,2,0.2,Suburb,271567.0,7.0,2.0
2486.0,4,3.3,32.0,2.0,7428.0,8,6.8,Waterfront,582787.0,7.3,0.24242424242424243
1430.0,4,3.2,13.0,1.0,4864.0,2,5.7,Downtown,262989.0,7.2,0.14285714285714285
1953.0,1,1.4,3.0,1.0,5474.0,3,14.7,Downtown,332360.0,2.4,0.75
1341.0,4,2.5,5.0,2.0,3448.0,4,7.0,Downtown,273339.0,6.5,0.6666666666666666
2980.0,4,1.9,54.0,2.0,6731.0,9,3.1,Suburb,459810.0,5.9,0.16363636363636364
1147.0,3,2.1,39.0,2.0,2338.0,10,5.8,Suburb,269421.0,5.1,0.25
1970.0,4,3.4,25.0,2.0,3963.0,1,9.6,Downtown,331495.0,7.4,0.038461538461538464
2149.0,4,3.6,13.0,0.0,5724.0,8,0.8,Rural,286049.0,7.6,0.5714285714285714
2028.0,3,2.7,15.0,2.0,5938.0,5,7.8,Suburb,361829.0,5.7,0.3125
1698.0,3,2.5,74.0,1.0,4687.0,7,19.9,Downtown,322433.0,5.5,0.09333333333333334
1729.0,5,3.7,67.0,1.0,2864.0,8,2.8,Suburb,291759.0,8.7,0.11764705882352941
1824.0,4,2.6,5.0,0.0,4261.0,5,7.9,Downtown,361489.0,6.6,0.8333333333333334
1719.0,3,2.2,33.0,2.0,5193.0,8,13.8,Rural,255901.0,5.2,0.23529411764705882
2330.0,4,3.7,4.0,0.0,5345.0,10,5.7,Downtown,506796.0,7.7,2.0
3016.0,3,1.8,5.0,3.0,7342.0,8,10.1,Waterfront,640821.0,4.8,1.3333333333333333
1493.0,2,2.5,23.0,2.0,4440.0,9,3.0,Rural,227553.0,4.5,0.375
1047.0,3,2.1,10.0,2.0,2849.0,2,2.9,Downtown,240810.0,5.1,0.18181818181818182
1751.0,5,4.2,54.0,2.0,3750.0,3,8.8,Downtown,340240.0,9.2,0.05454545454545454
3219.0,5,2.8,2.0,2.0,10492.0,1,9.8,Rural,405949.0,7.8,0.3333333333333333
1358.0,3,2.6,14.0,2.0,2137.0,4,22.1,Rural,244217.0,5.6,0.26666666666666666
2702.0,3,1.9,50.0,1.0,9429.0,5,2.0,Rural,297748.0,4.9,0.09803921568627451
2723.0,2,1.0,47.0,2.0,4012.0,1,5.1,Rural,256451.0,3.0,0.020833333333333332
1496.0,5,3.6,3.0,2.0,1847.0,8,2.3,Downtown,334401.0,8.6,2.0
2113.0,5,4.0,9.0,3.0,6861.0,2,0.7,Suburb,352036.0,9.0,0.2
2696.0,4,2.5,19.0,2.0,4754.0,1,4.1,Downtown,454328.0,6.5,0.05
1591.0,4,2.2,3.0,2.0,4579.0,2,3.7,Rural,203420.0,6.2,0.5
1688.0,4,2.9,69.0,2.0,5174.0,5,2.5,Suburb,291403.0,6.9,0.07142857142857142
1480.0,3,2.3,49.0,2.0,4700.0,9,2.8,Suburb,295584.0,5.3,0.18
1242.0,2,2.0,4.0,2.0,4323.0,9,3.6,Downtown,319808.0,4.0,1.8
1443.0,3,2.8,3.0,1.0,2707.0,2,36.0,Suburb,242667.0,5.8,0.5
1127.0,4,2.9,2.0,2.0,3193.0,2,12.2,Suburb,190506.0,6.9,0.6666666666666666
1819.0,4,3.8,48.0,3.0,2666.0,3,0.6,Rural,227028.0,7.8,0.061224489795918366
1377.0,3,2.4,4.0,2.0,2941.0,7,16.5,Suburb,272860.0,5.4,1.4
1929.0,5,3.3,11.0,2.0,6077.0,3,8.0,Rural,260716.0,8.3,0.25
944.0,2,1.0,12.0,0.0,1931.0,1,17.7,Suburb,139163.0,3.0,0.07692307692307693
1982.0,3,2.2,18.0,2.0,5073.0,6,3.3,Downtown,416663.0,5.2,0.3157894736842105
2258.0,4,2.7,1.0,2.0,5326.0,3,5.0,Rural,240669.0,6.7,1.5
703.0,4,3.4,5.0,2.0,1888.0,1,18.1,Rural,134556.0,7.4,0.16666666666666666
2006.0,4,3.1,54.0,0.0,6896.0,4,2.5,Suburb,330098.0,7.1,0.07272727272727272
2475.0,3,1.7,48.0,2.0,3287.0,1,19.8,Rural,237807.0,4.7,0.02040816326530612
1135.0,2,1.8,30.0,2.0,2860.0,1,14.1,Suburb,164780.0,3.8,0.03225806451612903
2720.0,4,3.2,0.0,1.0,8663.0,2,31.5,Suburb,402485.0,7.2,2.0
2030.0,3,3.1,8.0,1.0,4684.0,10,3.1,Suburb,399482.0,6.1,1.1111111111111112
1412.0,2,2.1,20.0,1.0,1949.0,8,2.2,Downtown,296125.0,4.1,0.38095238095238093
1769.0,4,3.3,6.0,2.0,4403.0,2,3.2,Downtown,314982.0,7.3,0.2857142857142857
2107.0,3,2.3,48.0,0.0,4138.0,2,24.7,Downtown,278311.0,5.3,0.04081632653061224
1842.0,4,3.1,20.0,1.0,2867.0,10,3.2,Suburb,350967.0,7.1,0.47619047619047616
2096.0,4,3.5,1.0,2.0,6608.0,10,6.7,Suburb,411628.0,7.5,5.0
1294.0,2,1.0,48.0,0.0,3105.0,8,4.1,Suburb,239028.0,3.0,0.16326530612244897
1893.0,1,1.0,63.0,1.0,6335.0,6,4.0,Waterfront,458263.0,2.0,0.09375
1022.0,4,2.5,2.0,2.0,3121.0,4,1.7,Downtown,260285.0,6.5,1.3333333333333333
1739.0,4,3.1,15.0,2.0,4858.0,3,6.2,Suburb,298552.0,7.1,0.1875
1303.0,4,3.5,7.0,2.0,1579.0,1,15.1,Rural,164985.0,7.5,0.125
1395.0,4,2.6,10.0,1.0,3047.0,3,0.4,Downtown,322814.0,6.6,0.2727272727272727
2480.0,4,1.7,4.0,2.0,4102.0,9,17.6,Downtown,416522.0,5.7,1.8
2400.0,5,3.3,17.0,2.0,7908.0,5,8.8,Downtown,451137.0,8.3,0.2777777777777778
2135.0,3,2.8,63.0,0.0,3419.0,6,7.7,Downtown,366139.0,5.8,0.09375
1199.0,3,2.6,14.0,1.0,2228.0,5,7.9,Waterfront,320835.0,5.6,0.3333333333333333
1626.0,3,2.5,2.0,1.0,3884.0,1,2.8,Rural,180693.0,5.5,0.3333333333333333
2467.0,2,1.6,19.0,1.0,4455.0,10,4.3,Suburb,399578.0,3.6,0.5
1878.0,3,1.7,8.0,2.0,3160.0,1,12.8,Rural,178933.0,4.7,0.1111111111111111
3076.0,3,2.6,39.0,2.0,7930.0,4,2.9,Rural,357218.0,5.6,0.1
2016.0,5,3.1,11.0,1.0,2832.0,3,5.1,Downtown,342918.0,8.1,0.25
1906.0,3,3.4,4.0,1.0,2542.0,8,0.2,Rural,260556.0,6.4,1.6
1630.0,3,2.6,4.0,1.0,3352.0,7,10.6,Suburb,316917.0,5.6,1.4
1873.0,3,2.0,29.0,2.0,5352.0,7,4.3,Rural,247780.0,5.0,0.23333333333333334
1716.0,2,1.4,6.0,1.0,4249.0,8,6.0,Rural,223343.0,3.4,1.1428571428571428
2189.0,1,1.1,29.0,2.0,4756.0,10,1.0,Suburb,355202.0,2.1,0.3333333333333333
2326.0,3,2.2,5.0,1.0,5818.0,7,38.3,Downtown,440077.0,5.2,1.1666666666666667
1368.0,2,2.3,8.0,2.0,2791.0,10,2.9,Downtown,329618.0,4.3,1.1111111111111112
1068.0,4,3.0,13.0,2.0,3581.0,2,8.1,Suburb,222653.0,7.0,0.14285714285714285
790.0,4,2.5,57.0,1.0,1048.0,4,7.0,Rural,147192.0,6.5,0.06896551724137931
2079.0,4,3.8,54.0,2.0,5715.0,6,12.3,Rural,256463.0,7.8,0.10909090909090909
1193.0,4,2.9,5.0,3.0,3877.0,3,2.8,Downtown,271398.0,6.9,0.5
616.0,2,2.1,9.0,1.0,1878.0,3,11.3,Suburb,155689.0,4.1,0.3
2014.0,4,2.6,3.0,2.0,3269.0,6,3.9,Suburb,341316.0,6.6,1.5
3171.0,4,3.1,14.0,0.0,5963.0,1,4.2,Downtown,487478.0,7.1,0.06666666666666667
1797.0,2,1.9,12.0,2.0,5120.0,1,8.9,Downtown,294226.0,3.9,0.07692307692307693
2261.0,4,2.0,46.0,0.0,3151.0,5,12.3,Suburb,303654.0,6.0,0.10638297872340426
1845.0,3,3.3,53.0,3.0,5659.0,1,8.8,Waterfront,439545.0,6.3,0.018518518518518517
1746.0,4,3.5,10.0,2.0,4982.0,10,18.4,Suburb,320931.0,7.5,0.9090909090909091
2305.0,5,3.3,14.0,2.0,6634.0,8,2.7,Suburb,376419.0,8.3,0.5333333333333333
1640.0,1,1.0,45.0,2.0,2346.0,2,18.5,Rural,142944.0,2.0,0.043478260869565216
1947.0,4,3.1,33.0,2.0,5551.0,6,1.1,Suburb,363036.0,7.1,0.17647058823529413
1977.0,4,2.9,0.0,1.0,5464.0,10,8.6,Waterfront,526030.0,6.9,10.0
1433.0,5,3.7,8.0,2.0,4458.0,10,6.3,Waterfront,466235.0,8.7,1.1111111111111112
2346.0,3,2.4,11.0,3.0,3040.0,5,5.5,Downtown,385669.0,5.4,0.4166666666666667
1704.0,4,3.2,5.0,2.0,2135.0,10,3.0,Suburb,357360.0,7.2,1.6666666666666667
1384.0,2,2.4,4.0,3.0,2848.0,4,5.6,Suburb,230336.0,4.4,0.8
2095.0,3,2.6,1.0,2.0,3231.0,1,1.4,Downtown,332294.0,5.6,0.5
1306.0,2,1.2,21.0,2.0,3244.0,3,3.7,Downtown,242139.0,3.2,0.13636363636363635
1815.0,5,4.2,6.0,2.0,6007.0,4,0.8,Suburb,290940.0,9.2,0.5714285714285714
1795.0,4,3.7,1.0,1.0,3770.0,2,6.8,Suburb,277397.0,7.7,1.0
2397.0,4,4.5,5.0,0.0,7535.0,2,0.8,Downtown,426849.0,8.5,0.3333333333333333
2061.0,5,2.9,32.0,1.0,2474.0,2,1.4,Downtown,320045.0,7.9,0.06060606060606061
1786.0,2,1.8,38.0,2.0,2835.0,1,0.7,Waterfront,338216.0,3.8,0.02564102564102564
2250.0,3,1.3,13.0,1.0,2857.0,10,3.8,Downtown,420887.0,4.3,0.7142857142857143
2565.0,2,2.0,11.0,1.0,5014.0,2,14.8,Downtown,381185.0,4.0,0.16666666666666666
2107.0,2,1.4,76.0,3.0,6930.0,6,19.0,Suburb,302676.0,3.4,0.07792207792207792
1806.0,2,2.7,4.0,1.0,2570.0,3,0.6,Waterfront,367432.0,4.7,0.6
1078.0,3,1.9,5.0,2.0,2797.0,10,8.1,Downtown,317408.0,4.9,1.6666666666666667
1214.0,3,1.5,7.0,0.0,2717.0,5,9.2,Suburb,200704.0,4.5,0.625
1632.0,2,1.5,4.0,0.0,5481.0,1,6.1,Rural,195939.0,3.5,0.2
1465.0,2,1.0,10.0,2.0,2171.0,8,8.8,Downtown,344427.0,3.0,0.7272727272727273
1697.0,2,2.1,48.0,2.0,2864.0,4,2.1,Rural,208150.0,4.1,0.08163265306122448
1831.0,5,2.5,19.0,2.0,2322.0,9,5.4,Suburb,303535.0,7.5,0.45
2091.0,4,2.9,11.0,0.0,4596.0,4,4.0,Suburb,328322.0,6.9,0.3333333333333333
1761.0,5,2.5,54.0,2.0,3239.0,2,0.8,Suburb,279532.0,7.5,0.03636363636363636
2068.0,3,2.1,1.0,1.0,6619.0,3,7.9,Suburb,312642.0,5.1,1.5
1835.0,3,3.1,5.0,1.0,4755.0,5,5.5,Downtown,358404.0,6.1,0.8333333333333334
713.0,4,3.1,17.0,0.0,1863.0,10,2.6,Rural,174118.0,7.1,0.5555555555555556
1283.0,3,1.9,19.0,0.0,3109.0,6,5.1,Suburb,238384.0,4.9,0.3
1721.0,3,2.3,1.0,1.0,2429.0,7,11.9,Downtown,329397.0,5.3,3.5
1135.0,2,1.7,10.0,0.0,2524.0,4,12.9,Downtown,240748.0,3.7,0.36363636363636365
2130.0,2,1.9,21.0,3.0,7453.0,7,8.4,Suburb,401223.0,3.9,0.3181818181818182
2642.0,3,1.6,24.0,1.0,8246.0,10,5.0,Suburb,444352.0,4.6,0.4
2470.0,3,2.6,20.0,0.0,8040.0,3,6.9,Downtown,391539.0,5.6,0.14285714285714285
1683.0,4,1.5,8.0,1.0,5206.0,7,3.9,Suburb,364889.0,5.5,0.7777777777777778
2620.0,2,1.4,2.0,2.0,3765.0,4,1.1,Downtown,428713.0,3.4,1.3333333333333333
1882.0,2,1.5,11.0,0.0,3243.0,8,3.9,Suburb,329924.0,3.5,0.6666666666666666
1615.0,4,3.2,3.0,2.0,1950.0,9,6.0,Downtown,367664.0,7.2,2.25
1463.0,2,1.7,59.0,3.0,2777.0,7,7.3,Suburb,264716.0,3.7,0.11666666666666667
1634.0,3,1.6,13.0,1.0,2369.0,8,22.0,Suburb,273557.0,4.6,0.5714285714285714
1587.0,4,2.4,8.0,2.0,3630.0,8,12.0,Waterfront,450979.0,6.4,0.8888888888888888
1894.0,2,1.8,29.0,0.0,5223.0,2,1.3,Downtown,308338.0,3.8,0.06666666666666667
1888.0,2,1.7,14.0,2.0,6063.0,9,1.5,Suburb,368819.0,3.7,0.6
1802.0,3,2.0,7.0,1.0,5268.0,6,0.8,Downtown,389357.0,5.0,0.75
2040.0,3,2.1,33.0,1.0,6852.0,4,10.7,Waterfront,470519.0,5.1,0.11764705882352941
2455.0,3,2.6,40.0,1.0,3250.0,5,9.8,Rural,288467.0,5.6,0.12195121951219512
2322.0,4,2.6,22.0,2.0,2851.0,10,34.4,Downtown,397487.0,6.6,0.43478260869565216
983.0,2,1.7,1.0,1.0,2675.0,5,5.9,Suburb,242720.0,3.7,2.5
500.0,3,3.4,17.0,1.0,933.0,7,14.0,Rural,153528.0,6.4,0.3888888888888889
2314.0,3,1.6,29.0,2.0,4126.0,9,6.9,Suburb,379617.0,4.6,0.3
1048.0,2,1.0,3.0,2.0,2055.0,7,16.6,Suburb,231052.0,3.0,1.75
1676.0,4,3.3,5.0,2.0,3051.0,9,10.2,Downtown,377615.0,7.3,1.5
1156.0,3,2.0,43.0,0.0,2747.0,4,8.2,Downtown,225014.0,5.0,0.09090909090909091
809.0,3,2.1,0.0,2.0,1790.0,10,6.7,Rural,191985.0,5.1,10.0
2098.0,2,1.3,28.0,2.0,4990.0,10,10.3,Waterfront,531073.0,3.3,0.3448275862068966
2218.0,3,2.2,13.0,0.0,6093.0,4,4.4,Suburb,340209.0,5.2,0.2857142857142857
1483.0,3,3.1,12.0,2.0,3100.0,6,0.8,Suburb,292972.0,6.1,0.46153846153846156
500.0,4,3.3,0.0,1.0,889.0,8,0.3,Suburb,209225.0,7.3,8.0
1500.0,2,2.1,34.0,3.0,2373.0,9,5.2,Rural,222221.0,4.1,0.2571428571428571
2015.0,3,1.6,9.0,0.0,4038.0,1,7.3,Rural,179788.0,4.6,0.1
987.0,3,1.7,16.0,2.0,2868.0,1,0.7,Rural,164223.0,4.7,0.058823529411764705
1901.0,4,1.5,23.0,1.0,5590.0,8,2.7,Rural,288312.0,5.5,0.3333333333333333
1792.0,3,1.9,24.0,3.0,4899.0,7,3.1,Suburb,328900.0,4.9,0.28
2119.0,4,3.4,62.0,1.0,3683.0,9,6.6,Downtown,383424.0,7.4,0.14285714285714285
1866.0,4,3.2,15.0,3.0,4763.0,3,2.6,Downtown,394227.0,7.2,0.1875
1265.0,4,2.8,10.0,3.0,3178.0,10,0.8,Rural,244706.0,6.8,0.9090909090909091
2458.0,3,2.3,61.0,1.0,5687.0,5,1.4,Suburb,358951.0,5.3,0.08064516129032258
1713.0,3,2.0,21.0,2.0,4222.0,3,1.5,Downtown,308259.0,5.0,0.13636363636363635
1785.0,4,3.0,7.0,3.0,4161.0,5,14.8,Downtown,333888.0,7.0,0.625
1287.0,5,3.9,3.0,1.0,3218.0,10,2.7,Suburb,328096.0,8.9,2.5
1556.0,4,2.1,37.0,1.0,4428.0,1,10.0,Downtown,242771.0,6.1,0.02631578947368421
1313.0,3,2.4,9.0,2.0,1907.0,4,6.7,Downtown,276968.0,5.4,0.4
1705.0,2,2.2,22.0,1.0,4986.0,6,30.2,Suburb,281618.0,4.2,0.2608695652173913
2741.0,3,2.1,13.0,0.0,4146.0,2,2.5,Suburb,331629.0,5.1,0.14285714285714285
1045.0,4,3.3,4.0,1.0,1414.0,7,1.4,Suburb,224831.0,7.3,1.4
913.0,3,3.7,18.0,1.0,3145.0,8,0.4,Downtown,277348.0,6.7,0.42105263157894735
2609.0,3,2.2,1.0,1.0,8873.0,1,2.2,Rural,292534.0,5.2,0.5
1685.0,4,3.1,11.0,1.0,2256.0,4,9.2,Downtown,285912.0,7.1,0.3333333333333333
1432.0,3,1.9,16.0,2.0,3178.0,4,0.7,Suburb,237125.0,4.9,0.23529411764705882
2372.0,4,3.0,11.0,2.0,3862.0,5,2.2,Rural,293270.0,7.0,0.4166666666666667
1467.0,3,2.5,28.0,0.0,3398.0,4,15.5,Suburb,273476.0,5.5,0.13793103448275862
2804.0,3,2.4,35.0,2.0,8719.0,9,7.0,Rural,382778.0,5.4,0.25
2173.0,3,1.8,30.0,2.0,7359.0,7,0.6,Suburb,379072.0,4.8,0.22580645161290322
1532.0,4,3.0,1.0,3.0,4073.0,2,0.4,Suburb,297418.0,7.0,1.0
2987.0,2,2.4,4.0,0.0,6016.0,1,0.5,Downtown,460497.0,4.4,0.2
1467.0,2,1.9,15.0,1.0,3796.0,9,22.8,Suburb,276387.0,3.9,0.5625
2208.0,5,4.0,55.0,3.0,4234.0,1,15.2,Downtown,353423.0,9.0,0.017857142857142856
1965.0,2,1.6,36.0,3.0,6470.0,6,14.9,Downtown,393083.0,3.6,0.16216216216216217
2516.0,3,2.7,37.0,2.0,8056.0,2,20.6,Waterfront,511741.0,5.7,0.05263157894736842
2659.0,3,2.4,7.0,2.0,6605.0,4,5.6,Suburb,413966.0,5.4,0.5
1818.0,3,1.8,11.0,0.0,3540.0,6,2.3,Rural,222967.0,4.8,0.5
1386.0,4,3.1,13.0,2.0,2598.0,5,4.1,Suburb,288227.0,7.1,0.35714285714285715
2053.0,2,1.2,3.0,1.0,2621.0,6,10.2,Rural,280165.0,3.2,1.5
1427.0,3,2.0,1.0,2.0,4390.0,3,16.7,Suburb,271721.0,5.0,1.5
2907.0,3,2.4,59.0,2.0,6500.0,5,4.6,Suburb,384030.0,5.4,0.08333333333333333
1875.0,4,3.0,6.0,0.0,3652.0,2,6.1,Suburb,257385.0,7.0,0.2857142857142857
1599.0,2,1.1,5.0,2.0,3651.0,7,21.5,Downtown,329881.0,3.1,1.1666666666666667
1902.0,3,2.8,2.0,3.0,5864.0,3,0.9,Rural,287808.0,5.8,1.0
1059.0,2,2.0,53.0,1.0,1574.0,1,15.9,Downtown,174518.0,4.0,0.018518518518518517
1266.0,3,1.9,17.0,3.0,4017.0,8,1.4,Downtown,328831.0,4.9,0.4444444444444444
2460.0,2,1.0,22.0,3.0,8030.0,8,5.3,Suburb,409067.0,3.0,0.34782608695652173
1439.0,2,1.6,49.0,2.0,4860.0,3,2.0,Downtown,296983.0,3.6,0.06
1224.0,4,2.7,8.0,1.0,2588.0,7,7.4,Waterfront,361756.0,6.7,0.7777777777777778
2095.0,3,2.4,19.0,1.0,3560.0,9,6.5,Waterfront,505230.0,5.4,0.45
2452.0,5,3.3,1.0,1.0,5050.0,8,3.8,Waterfront,574039.0,8.3,4.0
2195.0,5,2.5,4.0,1.0,4315.0,3,15.9,Suburb,305585.0,7.5,0.6
2348.0,3,2.1,36.0,1.0,3769.0,2,8.6,Downtown,333221.0,5.1,0.05405405405405406
1384.0,2,1.5,29.0,3.0,3594.0,10,10.2,Waterfront,422988.0,3.5,0.3333333333333333
1018.0,3,2.6,9.0,2.0,2338.0,7,1.3,Suburb,194403.0,5.6,0.7
2626.0,4,2.6,9.0,2.0,8380.0,7,17.2,Waterfront,605058.0,6.6,0.7
1623.0,3,3.1,15.0,0.0,2067.0,9,1.5,Waterfront,426711.0,6.1,0.5625
1662.0,2,1.0,0.0,2.0,4456.0,5,2.0,Rural,250983.0,3.0,5.0
2531.0,3,3.0,6.0,3.0,7479.0,4,1.1,Downtown,473861.0,6.0,0.5714285714285714
2106.0,4,2.8,5.0,1.0,6206.0,8,4.6,Suburb,382333.0,6.8,1.3333333333333333
2051.0,4,3.3,6.0,1.0,6641.0,4,17.5,Rural,248959.0,7.3,0.5714285714285714
2991.0,2,1.7,33.0,2.0,8604.0,4,2.3,Suburb,404741.0,3.7,0.11764705882352941
1446.0,4,3.5,7.0,2.0,4821.0,2,3.7,Downtown,296867.0,7.5,0.25
2310.0,2,1.5,4.0,2.0,4539.0,1,15.0,Suburb,318817.0,3.5,0.2
1831.0,2,1.2,14.0,1.0,4316.0,4,7.7,Waterfront,427330.0,3.2,0.26666666666666666
1948.0,4,3.6,40.0,1.0,2401.0,7,11.1,Suburb,319232.0,7.6,0.17073170731707318
2641.0,2,1.6,6.0,3.0,3211.0,9,1.9,Suburb,399339.0,3.6,1.2857142857142858
2079.0,3,2.4,2.0,3.0,3643.0,9,10.1,Downtown,413926.0,5.4,3.0
2096.0,1,1.7,9.0,2.0,3001.0,10,2.1,Suburb,352168.0,2.7,1.0
2390.0,4,2.4,28.0,2.0,4298.0,1,34.9,Waterfront,430468.0,6.4,0.034482758620689655
1599.0,4,3.2,16.0,2.0,2570.0,5,6.6,Downtown,316658.0,7.2,0.29411764705882354
1338.0,4,2.6,34.0,2.0,1693.0,7,9.5,Suburb,251614.0,6.6,0.2
1225.0,4,2.8,64.0,1.0,4032.0,7,1.0,Rural,230711.0,6.8,0.1076923076923077
719.0,2,1.7,31.0,1.0,876.0,10,2.3,Rural,160418.0,3.7,0.3125
2931.0,3,1.5,19.0,2.0,8479.0,6,1.2,Suburb,454176.0,4.5,0.3
1193.0,3,1.9,14.0,0.0,1849.0,10,4.0,Rural,230435.0,4.9,0.6666666666666666
1678.0,2,2.4,1.0,1.0,5534.0,4,2.7,Suburb,296970.0,4.4,2.0
1648.0,3,2.7,83.0,2.0,5362.0,3,10.6,Downtown,326966.0,5.7,0.03571428571428571
1969.0,5,3.5,10.0,2.0,5324.0,9,0.9,Rural,338846.0,8.5,0.8181818181818182
2249.0,1,1.2,3.0,2.0,6176.0,10,11.2,Rural,316729.0,2.2,2.5
2273.0,3,2.2,22.0,3.0,2756.0,4,0.4,Rural,251002.0,5.2,0.17391304347826086
1479.0,2,2.4,7.0,0.0,5125.0,8,1.8,Waterfront,412896.0,4.4,1.0
1708.0,2,1.6,18.0,2.0,5498.0,1,12.6,Suburb,259468.0,3.6,0.05263157894736842
1955.0,5,3.6,18.0,2.0,6371.0,7,10.9,Suburb,344022.0,8.6,0.3684210526315789
1663.0,3,2.9,12.0,2.0,4517.0,6,5.2,Rural,252631.0,5.9,0.46153846153846156
2684.0,3,1.9,36.0,1.0,5349.0,1,0.4,Suburb,374326.0,4.9,0.02702702702702703
2070.0,4,3.7,6.0,0.0,6739.0,4,7.5,Rural,276366.0,7.7,0.5714285714285714
2204.0,2,1.0,12.0,2.0,4123.0,5,4.2,Rural,263781.0,3.0,0.38461538461538464
2165.0,3,3.1,15.0,2.0,5400.0,8,3.0,Rural,319721.0,6.1,0.5
2445.0,3,2.1,22.0,2.0,3495.0,4,8.2,Suburb,349542.0,5.1,0.17391304347826086
1900.0,3,2.2,31.0,2.0,6309.0,3,4.6,Suburb,285762.0,5.2,0.09375
1087.0,5,2.6,10.0,2.0,1656.0,2,0.8,Downtown,235257.0,7.6,0.18181818181818182
2020.0,4,2.7,21.0,2.0,3469.0,4,19.8,Suburb,334563.0,6.7,0.18181818181818182
1442.0,3,1.8,3.0,2.0,3582.0,10,12.1,Downtown,362151.0,4.8,2.5
1509.0,4,2.6,54.0,1.0,4463.0,4,0.5,Suburb,244421.0,6.6,0.07272727272727272
2123.0,2,1.6,10.0,2.0,5572.0,10,6.0,Suburb,379024.0,3.6,0.9090909090909091
2481.0,1,1.6,26.0,2.0,4302.0,5,0.7,Downtown,373671.0,2.6,0.18518518518518517
1812.0,2,1.8,0.0,1.0,2178.0,7,14.5,Suburb,260383.0,3.8,7.0
1970.0,3,2.5,5.0,1.0,5795.0,9,7.6,Downtown,439627.0,5.5,1.5
2736.0,3,1.8,13.0,0.0,9483.0,2,1.5,Downtown,452037.0,4.8,0.14285714285714285
1932.0,4,2.5,42.0,3.0,5917.0,5,0.2,Rural,276892.0,6.5,0.11627906976744186
3231.0,5,4.4,15.0,0.0,7297.0,10,0.3,Suburb,535445.0,9.4,0.625
2111.0,3,1.9,53.0,2.0,6921.0,9,5.7,Downtown,434020.0,4.9,0.16666666666666666
832.0,3,3.1,13.0,1.0,1783.0,3,10.6,Suburb,192704.0,6.1,0.21428571428571427
2214.0,2,1.6,13.0,1.0,5330.0,1,1.0,Rural,249238.0,3.6,0.07142857142857142
2010.0,1,1.1,3.0,2.0,4618.0,2,2.0,Downtown,359431.0,2.1,0.5
2509.0,3,2.8,32.0,0.0,5594.0,6,3.2,Suburb,407077.0,5.8,0.18181818181818182
2170.0,3,2.9,6.0,2.0,6473.0,5,2.0,Downtown,424232.0,5.9,0.7142857142857143
1724.0,4,2.8,46.0,2.0,4158.0,1,4.0,Downtown,299597.0,6.8,0.02127659574468085
1127.0,2,1.5,48.0,2.0,2173.0,1,6.6,Suburb,177056.0,3.5,0.02040816326530612
1685.0,1,1.1,57.0,1.0,3022.0,4,9.2,Suburb,234392.0,2.1,0.06896551724137931
1332.0,3,2.5,15.0,2.0,1714.0,4,26.5,Suburb,210541.0,5.5,0.25
1481.0,2,2.1,23.0,2.0,3764.0,6,21.4,Rural,226949.0,4.1,0.25
2124.0,1,1.1,30.0,2.0,3672.0,6,6.8,Waterfront,434721.0,2.1,0.1935483870967742
2718.0,4,3.2,3.0,2.0,4188.0,10,10.6,Suburb,431211.0,7.2,2.5
2017.0,2,2.5,18.0,2.0,5454.0,6,24.1,Suburb,338392.0,4.5,0.3157894736842105
1142.0,4,3.1,1.0,3.0,3160.0,1,0.7,Rural,199315.0,7.1,0.5
2045.0,3,2.5,14.0,2.0,5992.0,10,0.2,Downtown,492884.0,5.5,0.6666666666666666
2458.0,2,1.0,3.0,1.0,5797.0,9,0.2,Suburb,425796.0,3.0,2.25
1465.0,3,1.0,4.0,1.0,4771.0,7,6.6,Downtown,347332.0,4.0,1.4
1726.0,4,3.1,9.0,1.0,5788.0,7,11.5,Downtown,397118.0,7.1,0.7
1808.0,3,2.3,11.0,1.0,5527.0,7,3.7,Waterfront,462953.0,5.3,0.5833333333333334
1368.0,4,2.6,20.0,1.0,3641.0,2,6.3,Rural,197379.0,6.6,0.09523809523809523
2157.0,2,1.8,2.0,1.0,4095.0,2,5.8,Suburb,312173.0,3.8,0.6666666666666666
1733.0,4,2.9,14.0,2.0,5998.0,6,0.8,Suburb,325078.0,6.9,0.4
2031.0,2,2.3,4.0,0.0,3718.0,7,3.1,Downtown,380748.0,4.3,1.4
1312.0,4,2.9,17.0,2.0,2186.0,3,0.2,Downtown,293203.0,6.9,0.16666666666666666
1559.0,3,1.9,20.0,1.0,3456.0,4,0.9,Downtown,303118.0,4.9,0.19047619047619047
2197.0,5,4.0,16.0,1.0,2924.0,3,13.4,Suburb,328079.0,9.0,0.17647058823529413
1595.0,3,2.2,27.0,0.0,5504.0,7,14.1,Rural,250148.0,5.2,0.25
2750.0,2,2.0,8.0,1.0,7022.0,7,13.0,Suburb,428829.0,4.0,0.7777777777777778
1580.0,1,1.0,29.0,2.0,3920.0,4,10.4,Downtown,317341.0,2.0,0.13333333333333333
1924.0,4,2.6,11.0,2.0,5211.0,7,12.6,Waterfront,469647.0,6.6,0.5833333333333334
2313.0,3,2.3,13.0,1.0,5420.0,5,8.9,Rural,311310.0,5.3,0.35714285714285715
1020.0,4,2.9,21.0,2.0,1299.0,1,8.9,Suburb,188659.0,6.9,0.045454545454545456
832.0,2,1.9,0.0,2.0,2170.0,10,8.8,Suburb,261237.0,3.9,10.0
961.0,3,2.2,21.0,2.0,2736.0,4,5.8,Suburb,220620.0,5.2,0.18181818181818182
2494.0,1,1.0,19.0,2.0,5383.0,7,3.6,Downtown,445417.0,2.0,0.35
1496.0,5,3.3,7.0,2.0,4401.0,2,10.5,Suburb,254437.0,8.3,0.25
3207.0,4,3.3,2.0,2.0,5523.0,2,2.8,Rural,357290.0,7.3,0.6666666666666666
1490.0,5,3.4,2.0,2.0,2546.0,1,6.3,Downtown,259218.0,8.4,0.3333333333333333
1902.0,3,2.2,51.0,0.0,2989.0,2,4.5,Downtown,328821.0,5.2,0.038461538461538464
2648.0,4,3.4,23.0,1.0,5443.0,10,2.6,Downtown,511470.0,7.4,0.4166666666666667
2903.0,4,2.5,3.0,3.0,9139.0,8,29.4,Downtown,551044.0,6.5,2.0
2934.0,3,1.5,9.0,2.0,9108.0,8,2.4,Rural,388562.0,4.5,0.8
2465.0,4,2.8,18.0,2.0,5128.0,8,3.0,Rural,324962.0,6.8,0.42105263157894735
2363.0,5,3.3,36.0,2.0,6037.0,1,1.4,Suburb,332284.0,8.3,0.02702702702702703
2126.0,4,2.4,1.0,1.0,6076.0,1,13.9,Downtown,343423.0,6.4,0.5
2228.0,4,2.8,5.0,2.0,3910.0,10,7.1,Suburb,408555.0,6.8,1.6666666666666667
1497.0,3,2.5,44.0,2.0,2375.0,4,7.6,Suburb,255885.0,5.5,0.08888888888888889
1350.0,3,2.3,0.0,1.0,4638.0,6,13.7,Downtown,322880.0,5.3,6.0
1798.0,5,3.7,4.0,2.0,4711.0,8,3.4,Suburb,356534.0,8.7,1.6
1706.0,1,2.0,64.0,2.0,5898.0,2,1.7,Suburb,264914.0,3.0,0.03076923076923077
1551.0,4,2.7,19.0,1.0,3066.0,3,1.8,Suburb,251834.0,6.7,0.15
2183.0,4,3.0,6.0,2.0,6149.0,6,10.6,Suburb,357918.0,7.0,0.8571428571428571
2325.0,4,2.6,1.0,1.0,3980.0,10,7.6,Downtown,453254.0,6.6,5.0
1849.0,5,3.1,1.0,2.0,3330.0,4,1.8,Suburb,310883.0,8.1,2.0
2613.0,3,2.0,6.0,1.0,6212.0,2,1.3,Suburb,391813.0,5.0,0.2857142857142857
1172.0,3,2.1,43.0,2.0,2268.0,7,1.0,Suburb,220037.0,5.1,0.1590909090909091
1693.0,2,1.9,11.0,2.0,2684.0,4,7.9,Rural,213528.0,3.9,0.3333333333333333
1406.0,3,3.5,25.0,1.0,2537.0,8,0.2,Suburb,298820.0,6.5,0.3076923076923077
773.0,3,1.9,50.0,3.0,991.0,8,0.2,Downtown,277698.0,4.9,0.1568627450980392
1755.0,3,2.1,10.0,3.0,4949.0,7,3.9,Downtown,371288.0,5.1,0.6363636363636364
1733.0,4,2.9,4.0,0.0,4041.0,10,9.4,Suburb,321352.0,6.9,2.0
2632.0,5,3.7,15.0,1.0,3729.0,9,9.5,Downtown,493100.0,8.7,0.5625
2147.0,2,1.8,48.0,3.0,3424.0,4,4.5,Suburb,308698.0,3.8,0.08163265306122448
1237.0,3,2.9,33.0,3.0,1776.0,7,9.4,Waterfront,349619.0,5.9,0.20588235294117646
2820.0,5,2.3,1.0,0.0,7357.0,10,5.9,Suburb,475163.0,7.3,5.0
2472.0,2,1.0,24.0,0.0,3502.0,10,30.2,Suburb,370813.0,3.0,0.4
2120.0,2,1.5,17.0,1.0,6222.0,1,1.4,Suburb,315423.0,3.5,0.05555555555555555
1675.0,2,2.2,48.0,3.0,2089.0,4,7.3,Suburb,259298.0,4.2,0.08163265306122448
1272.0,3,1.5,3.0,1.0,2256.0,2,5.4,Suburb,235354.0,4.5,0.5
1595.0,2,1.0,15.0,2.0,5181.0,9,1.7,Waterfront,455309.0,3.0,0.5625
2399.0,5,3.8,42.0,2.0,6843.0,5,11.1,Suburb,380243.0,8.8,0.11627906976744186
2837.0,3,2.4,11.0,0.0,3881.0,3,2.6,Waterfront,530188.0,5.4,0.25
2649.0,3,1.8,13.0,2.0,8182.0,4,3.8,Waterfront,538849.0,4.8,0.2857142857142857
1531.0,2,1.2,1.0,1.0,3573.0,6,3.8,Downtown,329819.0,3.2,3.0
1184.0,3,1.8,7.0,2.0,3727.0,10,2.2,Downtown,334763.0,4.8,1.25
1877.0,4,3.0,8.0,1.0,4846.0,1,4.5,Downtown,307050.0,7.0,0.1111111111111111
827.0,4,2.6,58.0,2.0,2289.0,7,5.1,Downtown,251535.0,6.6,0.11864406779661017
1978.0,4,3.1,7.0,2.0,6893.0,8,10.9,Downtown,424404.0,7.1,1.0
1719.0,3,1.0,12.0,1.0,2981.0,7,11.6,Suburb,260100.0,4.0,0.5384615384615384
1544.0,5,3.1,22.0,0.0,4069.0,7,1.4,Downtown,333252.0,8.1,0.30434782608695654
923.0,4,2.3,4.0,1.0,2085.0,9,7.2,Suburb,280115.0,6.3,1.8
2082.0,4,2.8,13.0,1.0,2687.0,4,18.1,Rural,229931.0,6.8,0.2857142857142857
1507.0,2,1.4,27.0,2.0,1859.0,7,0.9,Downtown,314900.0,3.4,0.25
1157.0,1,1.5,40.0,2.0,1706.0,9,5.1,Rural,174659.0,2.5,0.21951219512195122
500.0,2,1.0,20.0,2.0,1346.0,5,11.1,Downtown,210636.0,3.0,0.23809523809523808
1785.0,4,2.9,22.0,2.0,4470.0,2,7.6,Downtown,325335.0,6.9,0.08695652173913043
2775.0,3,2.6,3.0,2.0,6862.0,5,0.8,Suburb,409688.0,5.6,1.25
2714.0,3,3.2,58.0,2.0,3456.0,4,4.0,Suburb,375098.0,6.2,0.06779661016949153
1549.0,4,2.7,3.0,1.0,3531.0,8,5.7,Rural,285608.0,6.7,2.0
1469.0,4,3.1,30.0,1.0,4887.0,5,43.9,Rural,188643.0,7.1,0.16129032258064516
2058.0,5,2.6,6.0,1.0,4352.0,9,1.6,Rural,288625.0,7.6,1.2857142857142858
1251.0,3,1.1,54.0,2.0,3299.0,9,32.3,Downtown,316346.0,4.1,0.16363636363636364
1966.0,4,3.3,25.0,1.0,5885.0,3,3.8,Downtown,362919.0,7.3,0.11538461538461539
2221.0,3,2.3,28.0,1.0,6670.0,10,1.8,Rural,315395.0,5.3,0.3448275862068966
2475.0,2,2.3,5.0,0.0,5926.0,6,4.3,Rural,263532.0,4.3,1.0
1745.0,2,1.0,12.0,2.0,5537.0,6,7.6,Waterfront,429853.0,3.0,0.46153846153846156
1688.0,3,2.6,19.0,1.0,3545.0,4,1.9,Suburb,255099.0,5.6,0.2
1317.0,3,3.2,29.0,1.0,4272.0,10,2.8,Suburb,295753.0,6.2,0.3333333333333333
1345.0,4,3.1,2.0,1.0,2357.0,3,15.4,Rural,149991.0,7.1,1.0
1675.0,2,1.8,66.0,1.0,3090.0,1,55.3,Suburb,194308.0,3.8,0.014925373134328358
2002.0,4,2.9,44.0,2.0,2647.0,7,3.1,Waterfront,430505.0,6.9,0.15555555555555556
2302.0,3,1.5,6.0,1.0,6975.0,5,1.3,Rural,259870.0,4.5,0.7142857142857143
1358.0,3,3.0,35.0,2.0,2932.0,10,12.6,Suburb,269914.0,6.0,0.2777777777777778
2621.0,3,2.0,15.0,2.0,4526.0,7,7.3,Rural,337384.0,5.0,0.4375
1651.0,3,2.6,12.0,1.0,2861.0,1,0.8,Rural,190074.0,5.6,0.07692307692307693
1788.0,3,1.5,8.0,1.0,5853.0,8,23.5,Downtown,363582.0,4.5,0.8888888888888888
1389.0,3,1.7,17.0,2.0,4331.0,3,0.7,Waterfront,361777.0,4.7,0.16666666666666666
500.0,2,2.4,26.0,1.0,1237.0,7,7.9,Suburb,168556.0,4.4,0.25925925925925924
2286.0,2,1.5,11.0,1.0,5983.0,3,4.4,Rural,288192.0,3.5,0.25
2205.0,3,3.0,20.0,0.0,5052.0,3,6.5,Suburb,316088.0,6.0,0.14285714285714285
1645.0,5,3.5,24.0,2.0,3456.0,10,1.9,Rural,272344.0,8.5,0.4
1837.0,3,1.4,25.0,2.0,6072.0,9,9.3,Suburb,387180.0,4.4,0.34615384615384615
2084.0,4,3.3,1.0,2.0,3103.0,2,25.7,Downtown,336105.0,7.3,1.0
941.0,4,2.6,39.0,2.0,2035.0,4,4.9,Waterfront,285182.0,6.6,0.1
1509.0,5,3.8,12.0,1.0,3007.0,6,5.9,Downtown,332046.0,8.8,0.46153846153846156
2237.0,4,2.9,6.0,1.0,5247.0,3,2.2,Suburb,298907.0,6.9,0.42857142857142855
1110.0,3,1.5,6.0,2.0,2500.0,10,17.8,Waterfront,385522.0,4.5,1.4285714285714286
1961.0,4,3.0,13.0,3.0,4694.0,10,28.4,Waterfront,535848.0,7.0,0.7142857142857143
1054.0,4,4.0,44.0,0.0,1604.0,7,12.3,Suburb,246463.0,8.0,0.15555555555555556
2057.0,3,2.5,10.0,2.0,4896.0,7,6.3,Suburb,343412.0,5.5,0.6363636363636364
1780.0,3,2.3,28.0,1.0,3128.0,5,25.1,Suburb,263776.0,5.3,0.1724137931034483
912.0,1,1.6,2.0,0.0,1481.0,3,1.3,Downtown,207331.0,2.6,1.0
2441.0,4,3.0,13.0,1.0,3293.0,2,5.2,Suburb,336482.0,7.0,0.14285714285714285
1396.0,4,3.0,96.0,0.0,4124.0,4,6.2,Suburb,237721.0,7.0,0.041237113402061855
1354.0,2,1.2,29.0,2.0,2956.0,4,5.4,Rural,188604.0,3.2,0.13333333333333333
1910.0,3,2.4,5.0,2.0,5045.0,8,13.0,Rural,270480.0,5.4,1.3333333333333333
2432.0,3,2.8,14.0,0.0,6988.0,8,8.9,Rural,322207.0,5.8,0.5333333333333333
1241.0,2,1.3,5.0,0.0,3428.0,5,1.1,Downtown,291909.0,3.3,0.8333333333333334
1834.0,5,4.2,11.0,2.0,4185.0,6,3.4,Suburb,392271.0,9.2,0.5
2036.0,2,1.7,30.0,1.0,4260.0,8,3.3,Downtown,377927.0,3.7,0.25806451612903225
2181.0,2,1.3,30.0,2.0,4503.0,1,6.7,Suburb,291613.0,3.3,0.03225806451612903
1897.0,3,2.8,5.0,1.0,5069.0,5,2.8,Suburb,318332.0,5.8,0.8333333333333334
1598.0,4,2.8,51.0,2.0,3736.0,4,1.0,Rural,222667.0,6.8,0.07692307692307693
1345.0,1,1.5,18.0,1.0,4241.0,4,8.5,Suburb,252655.0,2.5,0.21052631578947367
1847.0,4,2.8,10.0,0.0,5932.0,2,15.2,Downtown,325459.0,6.8,0.18181818181818182
1210.0,3,2.3,14.0,1.0,1927.0,10,21.5,Downtown,263938.0,5.3,0.6666666666666666
500.0,2,1.9,19.0,1.0,757.0,1,28.8,Rural,94063.0,3.9,0.05
2040.0,2,1.8,16.0,1.0,5406.0,6,12.2,Suburb,328496.0,3.8,0.35294117647058826
2297.0,3,1.3,13.0,2.0,4348.0,7,1.2,Downtown,414908.0,4.3,0.5
500.0,3,1.7,14.0,1.0,621.0,5,15.3,Downtown,158068.0,4.7,0.3333333333333333
1245.0,5,4.0,4.0,0.0,4039.0,8,4.1,Rural,242671.0,9.0,1.6
2141.0,4,2.8,34.0,2.0,3687.0,9,10.5,Downtown,403214.0,6.8,0.2571428571428571
2932.0,5,3.2,16.0,2.0,9785.0,2,6.1,Rural,336517.0,8.2,0.11764705882352941
1811.0,3,1.6,3.0,3.0,5162.0,4,14.1,Rural,219575.0,4.6,1.0
1400.0,5,3.0,29.0,2.0,4136.0,9,4.4,Downtown,348045.0,8.0,0.3
1699.0,3,1.3,54.0,2.0,2826.0,5,0.5,Downtown,319752.0,4.3,0.09090909090909091
2556.0,3,2.2,59.0,2.0,4444.0,3,6.5,Waterfront,445083.0,5.2,0.05
1445.0,2,1.4,9.0,3.0,3466.0,6,1.5,Suburb,299630.0,3.4,0.6
1360.0,2,1.2,3.0,2.0,2170.0,3,26.9,Suburb,186249.0,3.2,0.75
1534.0,4,2.9,15.0,1.0,2918.0,5,6.0,Rural,221740.0,6.9,0.3125
1276.0,3,2.5,2.0,1.0,2475.0,3,6.5,Waterfront,328156.0,5.5,1.0
1867.0,2,2.7,54.0,1.0,2926.0,6,19.0,Waterfront,400315.0,4.7,0.10909090909090909
2694.0,4,2.1,4.0,2.0,4504.0,10,7.8,Rural,363160.0,6.1,2.0
1978.0,3,2.9,6.0,2.0,5961.0,5,2.9,Suburb,342652.0,5.9,0.7142857142857143
1661.0,3,2.8,10.0,2.0,2632.0,9,2.8,Downtown,369332.0,5.8,0.8181818181818182
1640.0,3,1.9,10.0,0.0,2075.0,3,5.6,Rural,207250.0,4.9,0.2727272727272727
940.0,4,3.0,32.0,2.0,2489.0,6,16.1,Suburb,222406.0,7.0,0.18181818181818182
2286.0,4,2.7,12.0,2.0,7875.0,8,12.7,Suburb,398627.0,6.7,0.6153846153846154
1757.0,3,2.4,4.0,1.0,3447.0,7,26.3,Waterfront,419069.0,5.4,1.4
1701.0,3,3.1,6.0,2.0,2505.0,6,0.6,Downtown,347382.0,6.1,0.8571428571428571
3556.0,3,2.6,14.0,1.0,8932.0,2,2.5,Suburb,457768.0,5.6,0.13333333333333333
1964.0,4,3.2,3.0,2.0,6451.0,7,0.7,Downtown,423113.0,7.2,1.75
1387.0,3,2.1,19.0,2.0,4166.0,8,11.1,Suburb,296763.0,5.1,0.4
1566.0,2,1.0,17.0,2.0,4121.0,1,1.2,Downtown,258524.0,3.0,0.05555555555555555
2432.0,2,1.6,25.0,2.0,4681.0,9,0.8,Downtown,470613.0,3.6,0.34615384615384615
1862.0,3,2.9,56.0,2.0,4555.0,4,6.6,Downtown,324037.0,5.9,0.07017543859649122
1009.0,3,1.5,49.0,2.0,1423.0,8,4.2,Suburb,183109.0,4.5,0.16
2306.0,4,2.4,58.0,1.0,6368.0,10,10.0,Rural,321759.0,6.4,0.1694915254237288
1433.0,2,1.8,6.0,2.0,4109.0,7,5.3,Suburb,238547.0,3.8,1.0
2830.0,3,1.8,3.0,1.0,9677.0,10,4.4,Waterfront,655558.0,4.8,2.5
2394.0,4,2.5,7.0,1.0,4307.0,7,4.4,Suburb,423578.0,6.5,0.875
1554.0,4,2.7,45.0,2.0,1931.0,2,16.4,Downtown,275629.0,6.7,0.043478260869565216
2505.0,3,1.6,72.0,2.0,6150.0,1,4.0,Rural,273861.0,4.6,0.0136986301369863
1837.0,3,1.8,39.0,1.0,5191.0,4,3.2,Downtown,315278.0,4.8,0.1
2269.0,3,2.7,2.0,1.0,6848.0,2,3.3,Waterfront,479104.0,5.7,0.6666666666666666
2067.0,5,2.8,59.0,1.0,3401.0,8,1.8,Downtown,414055.0,7.8,0.13333333333333333
1335.0,2,1.0,11.0,1.0,2406.0,10,15.8,Waterfront,390596.0,3.0,0.8333333333333334
1446.0,5,3.2,0.0,1.0,3440.0,7,1.3,Downtown,370450.0,8.2,7.0
2366.0,4,3.3,12.0,2.0,4638.0,8,19.1,Rural,339072.0,7.3,0.6153846153846154
1616.0,3,2.2,1.0,1.0,5138.0,6,2.7,Suburb,319948.0,5.2,3.0
1578.0,1,1.0,16.0,2.0,3613.0,1,18.4,Waterfront,281970.0,2.0,0.058823529411764705
1275.0,3,2.3,8.0,1.0,3875.0,9,12.5,Downtown,337687.0,5.3,1.0
2033.0,3,1.4,13.0,3.0,5155.0,6,7.0,Suburb,336771.0,4.4,0.42857142857142855
2934.0,2,1.9,19.0,1.0,8738.0,10,8.9,Waterfront,633297.0,3.9,0.5
1213.0,4,3.1,41.0,0.0,2384.0,1,3.2,Suburb,210025.0,7.1,0.023809523809523808
1813.0,5,3.3,22.0,0.0,5643.0,1,6.8,Suburb,303392.0,8.3,0.043478260869565216
2577.0,3,2.8,11.0,2.0,4720.0,8,2.8,Suburb,409149.0,5.8,0.6666666666666666
1756.0,4,2.3,34.0,2.0,4313.0,6,4.1,Suburb,314555.0,6.3,0.17142857142857143
2049.0,2,2.3,47.0,1.0,3467.0,8,11.6,Suburb,283251.0,4.3,0.16666666666666666
1216.0,3,2.4,3.0,1.0,2789.0,8,2.2,Suburb,293552.0,5.4,2.0
2036.0,2,1.5,15.0,0.0,3933.0,8,14.6,Waterfront,467117.0,3.5,0.5
1697.0,4,2.9,7.0,2.0,3077.0,10,3.8,Downtown,400604.0,6.9,1.25
2342.0,5,3.4,1.0,2.0,8019.0,7,6.1,Downtown,460934.0,8.4,3.5
2453.0,4,3.5,22.0,0.0,3847.0,7,22.8,Waterfront,474215.0,7.5,0.30434782608695654
3224.0,2,1.2,40.0,0.0,9707.0,10,9.1,Rural,423802.0,3.2,0.24390243902439024
2119.0,3,1.9,4.0,0.0,7339.0,4,8.3,Suburb,320403.0,4.9,0.8
1979.0,3,2.8,33.0,0.0,2465.0,9,9.9,Suburb,326998.0,5.8,0.2647058823529412
1907.0,3,2.0,38.0,2.0,5354.0,2,20.0,Downtown,295986.0,5.0,0.05128205128205128
1606.0,4,3.4,49.0,1.0,2861.0,9,2.3,Downtown,313391.0,7.4,0.18
1986.0,4,3.7,6.0,1.0,2568.0,10,7.6,Suburb,370350.0,7.7,1.4285714285714286
1638.0,4,2.7,47.0,1.0,3483.0,3,4.1,Suburb,267949.0,6.7,0.0625
1893.0,3,2.6,8.0,3.0,6343.0,2,0.2,Suburb,287617.0,5.6,0.2222222222222222
2525.0,3,1.7,16.0,2.0,3098.0,4,1.1,Downtown,422758.0,4.7,0.23529411764705882
1246.0,2,2.1,1.0,2.0,3180.0,5,3.1,Waterfront,335274.0,4.1,2.5
2427.0,3,2.4,1.0,1.0,5711.0,2,6.7,Waterfront,463243.0,5.4,1.0
2524.0,3,2.5,25.0,1.0,8099.0,1,17.1,Suburb,324323.0,5.5,0.038461538461538464
1735.0,4,2.6,12.0,2.0,2417.0,10,12.5,Suburb,346513.0,6.6,0.7692307692307693
633.0,4,2.1,6.0,0.0,1752.0,5,6.4,Suburb,144900.0,6.1,0.7142857142857143
1466.0,2,2.0,4.0,2.0,4052.0,9,0.6,Rural,228695.0,4.0,1.8
2513.0,3,1.3,22.0,2.0,6883.0,5,2.7,Suburb,390034.0,4.3,0.21739130434782608
1787.0,2,1.5,0.0,2.0,6017.0,10,3.7,Downtown,421992.0,3.5,10.0
1250.0,2,2.2,33.0,1.0,3866.0,9,7.8,Waterfront,361926.0,4.2,0.2647058823529412
1522.0,4,3.0,2.0,2.0,1973.0,10,0.5,Rural,283913.0,7.0,3.3333333333333335
2262.0,1,2.1,4.0,2.0,5165.0,6,6.0,Waterfront,479364.0,3.1,1.2
2101.0,3,2.8,10.0,0.0,4444.0,3,18.5,Rural,235037.0,5.8,0.2727272727272727
1669.0,2,1.4,13.0,1.0,3193.0,4,9.8,Suburb,252990.0,3.4,0.2857142857142857
1598.0,4,2.9,9.0,1.0,3576.0,4,12.8,Suburb,265847.0,6.9,0.4
1585.0,3,2.3,8.0,1.0,3303.0,1,9.2,Waterfront,329179.0,5.3,0.1111111111111111
1293.0,2,1.0,66.0,1.0,2837.0,3,1.9,Rural,154408.0,3.0,0.04477611940298507
2688.0,3,1.8,21.0,2.0,9280.0,3,0.9,Downtown,459964.0,4.8,0.13636363636363635
1623.0,4,2.6,0.0,1.0,2278.0,1,14.2,Downtown,269557.0,6.6,1.0
2469.0,5,2.5,11.0,3.0,8200.0,9,9.5,Suburb,462989.0,7.5,0.75
2637.0,2,1.7,42.0,0.0,6077.0,1,6.8,Rural,257669.0,3.7,0.023255813953488372
2349.0,4,2.8,7.0,3.0,6189.0,9,1.7,Waterfront,605138.0,6.8,1.125
1563.0,5,2.7,2.0,1.0,4860.0,1,7.4,Downtown,304668.0,7.7,0.3333333333333333
2022.0,5,3.7,28.0,2.0,4103.0,2,0.3,Suburb,319060.0,8.7,0.06896551724137931
1787.0,4,3.3,19.0,1.0,3913.0,2,1.0,Suburb,296075.0,7.3,0.1
1303.0,4,3.0,17.0,0.0,2791.0,6,3.0,Waterfront,342340.0,7.0,0.3333333333333333
1978.0,3,2.1,1.0,2.0,4078.0,7,4.7,Rural,285437.0,5.1,3.5
1152.0,4,3.2,3.0,1.0,3835.0,1,1.0,Rural,174584.0,7.2,0.25
2453.0,3,2.6,19.0,2.0,7620.0,3,1.0,Suburb,358173.0,5.6,0.15
1544.0,4,3.1,5.0,2.0,2240.0,2,10.4,Suburb,262452.0,7.1,0.3333333333333333
1911.0,3,1.9,14.0,2.0,2768.0,8,6.7,Downtown,368590.0,4.9,0.5333333333333333
1956.0,4,3.0,16.0,2.0,4272.0,9,6.1,Downtown,423622.0,7.0,0.5294117647058824
1658.0,4,3.5,7.0,2.0,2366.0,2,4.8,Rural,164019.0,7.5,0.25
2123.0,2,1.4,59.0,0.0,5571.0,2,30.0,Rural,219525.0,3.4,0.03333333333333333
1539.0,4,3.9,37.0,2.0,2355.0,10,0.4,Waterfront,497384.0,7.9,0.2631578947368421
2279.0,3,2.0,26.0,2.0,5473.0,9,1.6,Waterfront,546166.0,5.0,0.3333333333333333
1060.0,4,2.9,2.0,0.0,1290.0,4,8.3,Suburb,203926.0,6.9,1.3333333333333333
1870.0,3,2.0,2.0,0.0,3606.0,5,1.2,Rural,234623.0,5.0,1.6666666666666667
2866.0,3,2.4,14.0,2.0,7903.0,9,7.1,Waterfront,658167.0,5.4,0.6
1250.0,5,2.6,4.0,1.0,2892.0,6,6.7,Rural,205611.0,7.6,1.2
1427.0,3,2.0,77.0,1.0,4923.0,10,28.3,Downtown,323609.0,5.0,0.1282051282051282
2083.0,4,2.4,3.0,0.0,6687.0,9,17.2,Suburb,405441.0,6.4,2.25
1899.0,3,2.4,13.0,2.0,3847.0,9,23.3,Downtown,397191.0,5.4,0.6428571428571429
1993.0,3,2.8,9.0,0.0,2600.0,7,1.0,Waterfront,453943.0,5.8,0.7
2069.0,3,2.6,20.0,2.0,6507.0,10,16.2,Suburb,362000.0,5.6,0.47619047619047616
2149.0,3,1.1,3.0,2.0,7083.0,9,1.1,Downtown,448095.0,4.1,2.25
2410.0,3,3.3,11.0,1.0,7441.0,5,8.0,Suburb,381506.0,6.3,0.4166666666666667
2025.0,1,1.2,6.0,2.0,3026.0,5,10.2,Suburb,276268.0,2.2,0.7142857142857143
1667.0,3,1.9,44.0,3.0,5827.0,8,1.4,Suburb,347750.0,4.9,0.17777777777777778
2170.0,1,1.2,1.0,2.0,3895.0,10,8.0,Downtown,434076.0,2.2,5.0
2845.0,5,3.6,49.0,2.0,8153.0,4,0.4,Suburb,406504.0,8.6,0.08
1727.0,5,3.2,36.0,1.0,5679.0,9,2.8,Suburb,316935.0,8.2,0.24324324324324326
1264.0,3,2.4,7.0,2.0,2202.0,7,20.3,Rural,213653.0,5.4,0.875
2409.0,4,2.6,31.0,0.0,7923.0,7,1.5,Suburb,369237.0,6.6,0.21875
1734.0,3,2.1,1.0,0.0,3315.0,3,0.5,Rural,220013.0,5.1,1.5
605.0,4,2.6,68.0,1.0,2085.0,4,4.7,Suburb,148114.0,6.6,0.057971014492753624
2266.0,4,2.2,15.0,1.0,4185.0,7,15.2,Suburb,367542.0,6.2,0.4375
1506.0,5,3.6,7.0,2.0,5110.0,5,0.6,Rural,262738.0,8.6,0.625
1750.0,3,2.6,9.0,2.0,2316.0,3,3.5,Suburb,253845.0,5.6,0.3
1983.0,4,3.2,1.0,2.0,5615.0,1,18.4,Downtown,360617.0,7.2,0.5
1905.0,3,2.7,91.0,2.0,4617.0,7,1.0,Downtown,353096.0,5.7,0.07608695652173914
2190.0,5,3.7,1.0,2.0,5035.0,6,3.0,Rural,303469.0,8.7,3.0
1560.0,1,1.0,21.0,1.0,2674.0,10,12.1,Suburb,288532.0,2.0,0.45454545454545453
2082.0,4,3.3,12.0,2.0,5877.0,7,6.3,Rural,337651.0,7.3,0.5384615384615384
1657.0,4,2.2,59.0,1.0,2716.0,2,14.3,Downtown,258460.0,6.2,0.03333333333333333
2206.0,4,2.4,6.0,0.0,5452.0,4,0.9,Downtown,365193.0,6.4,0.5714285714285714
2138.0,2,1.2,15.0,3.0,3811.0,2,20.3,Downtown,315373.0,3.2,0.125
1286.0,5,4.0,13.0,0.0,4370.0,8,21.9,Suburb,296217.0,9.0,0.5714285714285714
2397.0,2,2.2,24.0,0.0,3034.0,7,1.4,Suburb,346038.0,4.2,0.28
1505.0,4,3.1,1.0,2.0,2497.0,1,0.3,Suburb,249110.0,7.1,0.5
2244.0,2,2.2,4.0,1.0,3943.0,2,36.7,Suburb,273567.0,4.2,0.4
2002.0,3,1.9,5.0,2.0,4309.0,2,5.3,Waterfront,366887.0,4.9,0.3333333333333333
2811.0,3,2.5,27.0,1.0,4878.0,4,6.8,Suburb,365657.0,5.5,0.14285714285714285
1677.0,3,2.2,4.0,1.0,3908.0,3,7.7,Suburb,269442.0,5.2,0.6
1608.0,2,2.1,17.0,1.0,5156.0,1,12.5,Rural,162305.0,4.1,0.05555555555555555
1789.0,2,1.6,5.0,1.0,5077.0,2,13.4,Suburb,246580.0,3.6,0.3333333333333333
1633.0,3,2.1,40.0,1.0,4138.0,9,1.7,Suburb,307125.0,5.1,0.21951219512195122
2240.0,4,3.2,57.0,2.0,3147.0,1,2.2,Rural,229617.0,7.2,0.017241379310344827
911.0,4,3.3,15.0,2.0,2547.0,9,16.8,Waterfront,357538.0,7.3,0.5625
1220.0,2,1.4,9.0,3.0,1931.0,7,13.7,Downtown,276833.0,3.4,0.7
1213.0,3,2.3,5.0,0.0,3649.0,2,7.7,Waterfront,306868.0,5.3,0.3333333333333333
2323.0,2,1.2,1.0,2.0,4124.0,2,41.9,Suburb,272582.0,3.2,1.0
2741.0,1,1.0,6.0,2.0,5918.0,5,10.6,Downtown,445260.0,2.0,0.7142857142857143
1743.0,4,3.0,21.0,3.0,3497.0,5,1.9,Suburb,334987.0,7.0,0.22727272727272727
1707.0,4,3.2,15.0,0.0,5420.0,4,15.0,Waterfront,409198.0,7.2,0.25
1839.0,2,1.8,58.0,2.0,2742.0,10,4.3,Suburb,314429.0,3.8,0.1694915254237288
2439.0,2,1.0,10.0,2.0,6100.0,10,0.3,Suburb,398754.0,3.0,0.9090909090909091
1290.0,1,1.0,24.0,1.0,1969.0,3,3.1,Suburb,204158.0,2.0,0.12
1931.0,4,1.8,13.0,2.0,5447.0,4,11.5,Downtown,356973.0,5.8,0.2857142857142857
2336.0,5,4.2,14.0,0.0,7666.0,10,25.8,Downtown,488447.0,9.2,0.6666666666666666
2076.0,2,1.2,6.0,2.0,4566.0,4,2.6,Downtown,333596.0,3.2,0.5714285714285714
1904.0,2,2.3,12.0,3.0,4422.0,2,2.3,Downtown,334661.0,4.3,0.15384615384615385
2351.0,4,3.4,13.0,2.0,7836.0,5,6.6,Downtown,458905.0,7.4,0.35714285714285715
500.0,5,3.0,25.0,1.0,1199.0,5,13.4,Downtown,190966.0,8.0,0.19230769230769232
2173.0,3,1.7,56.0,0.0,5045.0,5,11.0,Suburb,303326.0,4.7,0.08771929824561403
1440.0,2,1.9,8.0,3.0,3643.0,10,6.6,Downtown,355652.0,3.9,1.1111111111111112
793.0,1,1.0,1.0,2.0,2209.0,1,8.0,Suburb,133284.0,2.0,0.5
2081.0,3,2.4,14.0,0.0,3009.0,6,2.2,Rural,265171.0,5.4,0.4
2556.0,3,2.1,16.0,2.0,7894.0,2,4.5,Suburb,380322.0,5.1,0.11764705882352941
1724.0,1,1.0,4.0,2.0,3796.0,7,2.4,Suburb,279160.0,2.0,1.4
2324.0,3,1.2,29.0,0.0,3176.0,4,17.3,Downtown,359483.0,4.2,0.13333333333333333
2687.0,1,1.2,84.0,1.0,8083.0,5,1.0,Downtown,413870.0,2.2,0.058823529411764705
2523.0,4,2.6,58.0,2.0,5215.0,5,9.1,Downtown,397378.0,6.6,0.0847457627118644
2702.0,3,2.0,4.0,2.0,3866.0,5,2.4,Downtown,477548.0,5.0,1.0
2208.0,1,1.4,42.0,2.0,5868.0,2,5.2,Downtown,377239.0,2.4,0.046511627906976744
1841.0,3,2.9,24.0,2.0,5936.0,5,2.8,Downtown,347636.0,5.9,0.2
919.0,3,2.2,12.0,2.0,2979.0,3,3.1,Downtown,210882.0,5.2,0.23076923076923078
1665.0,5,3.3,16.0,2.0,5665.0,4,2.4,Downtown,340359.0,8.3,0.23529411764705882
1336.0,3,2.6,38.0,2.0,4269.0,2,11.2,Suburb,254256.0,5.6,0.05128205128205128
2994.0,3,1.6,13.0,0.0,3608.0,4,3.6,Downtown,430098.0,4.6,0.2857142857142857
1703.0,4,3.0,9.0,2.0,3533.0,9,10.4,Suburb,306930.0,7.0,0.9
1868.0,3,2.6,14.0,1.0,5758.0,8,4.9,Suburb,370354.0,5.6,0.5333333333333333
2103.0,5,3.8,17.0,2.0,4295.0,3,6.3,Suburb,340342.0,8.8,0.16666666666666666
1824.0,3,1.3,4.0,2.0,4712.0,1,6.3,Downtown,354368.0,4.3,0.2
2732.0,3,1.9,46.0,1.0,7088.0,1,29.8,Rural,275909.0,4.9,0.02127659574468085
1458.0,2,1.3,22.0,3.0,2974.0,6,3.7,Suburb,267734.0,3.3,0.2608695652173913
1907.0,3,2.3,20.0,0.0,6256.0,3,1.9,Downtown,354203.0,5.3,0.14285714285714285
1392.0,4,3.1,2.0,2.0,3282.0,4,19.4,Rural,195606.0,7.1,1.3333333333333333
1074.0,4,3.6,19.0,0.0,2437.0,1,1.5,Waterfront,297317.0,7.6,0.05
1464.0,2,1.5,3.0,3.0,5116.0,8,14.4,Downtown,373055.0,3.5,2.0
1780.0,2,1.5,2.0,0.0,4156.0,1,1.3,Downtown,267216.0,3.5,0.3333333333333333
1564.0,4,3.5,15.0,0.0,2519.0,5,8.6,Rural,232549.0,7.5,0.3125
1419.0,5,3.6,10.0,1.0,3377.0,6,1.3,Rural,213440.0,8.6,0.5454545454545454
1027.0,2,2.3,18.0,1.0,3155.0,2,20.5,Downtown,248997.0,4.3,0.10526315789473684
1754.0,3,2.4,2.0,1.0,5239.0,7,6.7,Downtown,403449.0,5.4,2.3333333333333335
972.0,3,1.7,11.0,2.0,2929.0,7,3.2,Suburb,220432.0,4.7,0.5833333333333334
2218.0,4,2.2,4.0,1.0,6274.0,1,1.2,Suburb,332980.0,6.2,0.2
1845.0,2,1.0,87.0,0.0,3293.0,4,3.7,Suburb,261605.0,3.0,0.045454545454545456
998.0,2,2.0,16.0,1.0,3176.0,4,9.8,Suburb,191788.0,4.0,0.23529411764705882
1630.0,4,3.5,23.0,2.0,5306.0,5,3.9,Suburb,283954.0,7.5,0.20833333333333334
1386.0,2,2.6,8.0,2.0,2282.0,1,2.3,Rural,178767.0,4.6,0.1111111111111111
1976.0,3,2.7,2.0,2.0,2964.0,1,6.9,Downtown,320068.0,5.7,0.3333333333333333
2537.0,3,2.9,74.0,2.0,8737.0,7,4.3,Downtown,448770.0,5.9,0.09333333333333334
769.0,3,2.0,7.0,1.0,2459.0,9,1.5,Rural,212190.0,5.0,1.125
1863.0,3,1.7,11.0,0.0,6063.0,1,1.3,Rural,201771.0,4.7,0.08333333333333333
1712.0,3,2.7,21.0,1.0,5545.0,2,9.8,Suburb,270342.0,5.7,0.09090909090909091
2169.0,2,1.9,1.0,2.0,5305.0,6,29.4,Suburb,335956.0,3.9,3.0
1917.0,3,2.4,33.0,3.0,5150.0,6,2.1,Downtown,388844.0,5.4,0.17647058823529413
1386.0,4,3.1,15.0,2.0,3402.0,2,11.9,Suburb,259040.0,7.1,0.125
1625.0,4,3.1,7.0,0.0,2141.0,9,0.7,Suburb,311352.0,7.1,1.125
1362.0,2,2.3,1.0,0.0,3970.0,4,3.8,Downtown,239757.0,4.3,2.0
2392.0,2,2.3,4.0,1.0,5651.0,7,5.7,Downtown,431627.0,4.3,1.4
1812.0,3,2.6,45.0,2.0,4874.0,6,2.5,Suburb,326048.0,5.6,0.13043478260869565
2846.0,3,2.7,23.0,0.0,6705.0,3,6.0,Downtown,442274.0,5.7,0.125
1767.0,3,2.6,6.0,3.0,4119.0,8,17.1,Suburb,326030.0,5.6,1.1428571428571428
1410.0,4,2.7,1.0,1.0,2249.0,7,23.1,Downtown,313845.0,6.7,3.5
967.0,2,2.1,23.0,3.0,1780.0,9,0.8,Suburb,261894.0,4.1,0.375
808.0,1,1.0,17.0,2.0,1265.0,3,2.5,Downtown,155716.0,2.0,0.16666666666666666
929.0,3,2.8,10.0,2.0,1533.0,1,31.0,Rural,122853.0,5.8,0.09090909090909091
1947.0,4,2.3,9.0,2.0,6693.0,2,2.5,Suburb,316369.0,6.3,0.2
2080.0,2,1.8,5.0,2.0,3228.0,1,9.4,Suburb,280476.0,3.8,0.16666666666666666
930.0,4,2.5,22.0,2.0,1692.0,5,2.3,Rural,136205.0,6.5,0.21739130434782608
2292.0,3,2.6,71.0,2.0,5864.0,10,3.5,Suburb,411182.0,5.6,0.1388888888888889
1534.0,4,2.9,4.0,2.0,3994.0,2,1.7,Downtown,309103.0,6.9,0.4
1881.0,4,2.1,18.0,3.0,2923.0,3,15.5,Suburb,289131.0,6.1,0.15789473684210525
2687.0,3,2.5,11.0,2.0,8130.0,8,17.1,Suburb,464807.0,5.5,0.6666666666666666
2293.0,2,1.4,12.0,2.0,6893.0,10,2.8,Rural,334796.0,3.4,0.7692307692307693
1652.0,3,2.7,6.0,2.0,2884.0,5,13.9,Suburb,252368.0,5.7,0.7142857142857143
1310.0,2,1.7,35.0,1.0,2442.0,4,3.5,Downtown,252083.0,3.7,0.1111111111111111
617.0,4,3.1,13.0,0.0,2071.0,5,0.8,Downtown,229414.0,7.1,0.35714285714285715
1404.0,4,2.4,16.0,2.0,4351.0,10,11.4,Suburb,316715.0,6.4,0.5882352941176471
1684.0,4,2.6,7.0,2.0,4724.0,6,7.3,Suburb,346253.0,6.6,0.75
1257.0,4,2.7,4.0,2.0,1746.0,7,2.6,Suburb,254180.0,6.7,1.4
1728.0,3,2.7,2.0,1.0,3736.0,9,2.3,Suburb,358966.0,5.7,3.0
1842.0,2,2.5,25.0,2.0,4580.0,1,29.7,Waterfront,361133.0,4.5,0.038461538461538464
1676.0,4,2.5,4.0,2.0,2734.0,4,15.9,Suburb,275372.0,6.5,0.8
1442.0,3,2.8,23.0,0.0,3217.0,9,13.3,Downtown,333507.0,5.8,0.375
1893.0,4,1.8,10.0,2.0,4888.0,5,1.1,Downtown,356847.0,5.8,0.45454545454545453
2043.0,3,1.7,11.0,2.0,3990.0,8,11.3,Downtown,390404.0,4.7,0.6666666666666666
1200.0,2,1.2,13.0,1.0,3595.0,1,1.9,Downtown,240906.0,3.2,0.07142857142857142
2576.0,5,2.8,9.0,2.0,8071.0,4,30.3,Downtown,440767.0,7.8,0.4
1746.0,2,1.0,2.0,2.0,3395.0,9,0.4,Downtown,378172.0,3.0,3.0
1810.0,5,3.7,7.0,1.0,5663.0,1,3.5,Downtown,360592.0,8.7,0.125
2190.0,5,3.4,22.0,0.0,3150.0,1,4.5,Downtown,307542.0,8.4,0.043478260869565216
1928.0,4,3.1,22.0,3.0,6028.0,4,13.9,Rural,266849.0,7.1,0.17391304347826086
2324.0,4,3.2,7.0,1.0,3605.0,3,11.6,Downtown,411464.0,7.2,0.375
1958.0,3,2.4,12.0,1.0,2723.0,7,3.8,Suburb,316526.0,5.4,0.5384615384615384
1463.0,4,3.2,4.0,1.0,3915.0,3,6.7,Suburb,240774.0,7.2,0.6
1999.0,3,2.3,5.0,2.0,4569.0,1,14.4,Waterfront,392423.0,5.3,0.16666666666666666
1171.0,3,1.7,0.0,2.0,3850.0,10,0.2,Downtown,317344.0,4.7,10.0
1860.0,4,3.4,45.0,2.0,3786.0,2,13.0,Suburb,275870.0,7.4,0.043478260869565216
1782.0,3,2.0,5.0,0.0,3315.0,10,23.5,Waterfront,443039.0,5.0,1.6666666666666667
1686.0,3,1.8,5.0,2.0,3965.0,4,0.3,Rural,237683.0,4.8,0.6666666666666666
1729.0,3,2.2,7.0,1.0,3888.0,1,0.4,Rural,207691.0,5.2,0.125
765.0,3,1.8,3.0,2.0,1524.0,1,3.4,Downtown,183256.0,4.8,0.25
1498.0,4,2.7,20.0,2.0,4188.0,8,0.7,Downtown,369669.0,6.7,0.38095238095238093
1851.0,2,1.9,2.0,1.0,5455.0,7,5.2,Suburb,310039.0,3.9,2.3333333333333335
1888.0,5,3.7,3.0,2.0,5970.0,8,10.4,Waterfront,525148.0,8.7,2.0
1235.0,4,2.5,21.0,3.0,4245.0,4,6.7,Suburb,280043.0,6.5,0.18181818181818182
2496.0,4,2.7,8.0,1.0,4526.0,6,1.7,Suburb,367519.0,6.7,0.6666666666666666
1324.0,3,2.8,25.0,2.0,3769.0,3,8.5,Downtown,279813.0,5.8,0.11538461538461539
2333.0,4,3.1,16.0,2.0,4915.0,8,9.2,Rural,334673.0,7.1,0.47058823529411764
2035.0,1,2.1,6.0,3.0,5611.0,4,21.6,Downtown,338806.0,3.1,0.5714285714285714
1445.0,4,3.5,21.0,1.0,3316.0,3,1.3,Suburb,271034.0,7.5,0.13636363636363635
2776.0,1,1.7,2.0,2.0,9676.0,4,9.4,Suburb,410864.0,2.7,1.3333333333333333
1143.0,4,2.2,15.0,1.0,3288.0,6,19.4,Suburb,253689.0,6.2,0.375
2306.0,5,3.9,11.0,2.0,7819.0,7,5.6,Downtown,462564.0,8.9,0.5833333333333334
2350.0,3,2.3,6.0,0.0,7333.0,7,3.6,Downtown,449802.0,5.3,1.0
1431.0,2,1.4,19.0,2.0,4689.0,4,1.5,Suburb,233126.0,3.4,0.2
2566.0,4,3.0,41.0,1.0,7886.0,8,16.1,Downtown,481027.0,7.0,0.19047619047619047
1662.0,3,2.8,100.0,1.0,3750.0,7,4.0,Suburb,280871.0,5.8,0.06930693069306931
1959.0,4,3.2,19.0,2.0,3485.0,2,20.7,Downtown,332060.0,7.2,0.1
1943.0,2,1.3,10.0,2.0,3987.0,8,15.1,Suburb,334996.0,3.3,0.7272727272727273
1726.0,2,2.1,5.0,2.0,2152.0,9,3.8,Suburb,316919.0,4.1,1.5
2246.0,5,3.2,6.0,2.0,5402.0,5,6.8,Downtown,398095.0,8.2,0.7142857142857143
2236.0,4,3.0,13.0,1.0,5281.0,4,0.2,Suburb,369257.0,7.0,0.2857142857142857
838.0,4,2.7,9.0,2.0,2018.0,4,2.4,Downtown,236772.0,6.7,0.4
2517.0,3,2.2,49.0,2.0,8659.0,4,9.9,Downtown,439415.0,5.2,0.08
886.0,4,3.3,9.0,0.0,2921.0,6,9.1,Waterfront,309510.0,7.3,0.6
2368.0,3,1.8,9.0,2.0,3722.0,4,3.5,Suburb,378100.0,4.8,0.4
2420.0,4,3.9,10.0,2.0,4957.0,7,13.2,Rural,303155.0,7.9,0.6363636363636364
1200.0,4,2.0,36.0,2.0,2610.0,7,2.2,Downtown,282225.0,6.0,0.1891891891891892
1574.0,3,2.0,21.0,2.0,3194.0,5,4.9,Suburb,245570.0,5.0,0.22727272727272727
1192.0,3,2.5,19.0,2.0,3620.0,5,5.1,Rural,200012.0,5.5,0.25
1682.0,3,2.6,8.0,0.0,4046.0,10,3.3,Suburb,368583.0,5.6,1.1111111111111112
1631.0,4,2.8,34.0,0.0,4103.0,8,24.7,Suburb,290942.0,6.8,0.22857142857142856
2229.0,2,1.7,1.0,2.0,7048.0,7,9.5,Suburb,381645.0,3.7,3.5
2521.0,4,3.1,41.0,1.0,7698.0,7,6.2,Suburb,424049.0,7.1,0.16666666666666666
2568.0,2,1.6,14.0,0.0,3862.0,6,5.7,Waterfront,507173.0,3.6,0.4
1491.0,4,3.6,10.0,1.0,4237.0,7,1.4,Rural,268750.0,7.6,0.6363636363636364
1685.0,4,3.3,14.0,2.0,3710.0,7,3.7,Waterfront,473862.0,7.3,0.4666666666666667
874.0,2,2.1,22.0,1.0,1641.0,10,8.9,Downtown,257226.0,4.1,0.43478260869565216
1357.0,2,1.2,0.0,2.0,1785.0,2,20.7,Rural,135779.0,3.2,2.0
2331.0,2,1.7,41.0,2.0,5409.0,10,13.6,Waterfront,545293.0,3.7,0.23809523809523808
2689.0,4,2.7,12.0,1.0,5425.0,2,2.9,Downtown,431460.0,6.7,0.15384615384615385
1121.0,4,2.4,8.0,2.0,1994.0,10,4.6,Downtown,304944.0,6.4,1.1111111111111112
1474.0,1,1.3,3.0,2.0,4124.0,7,0.7,Rural,219155.0,2.3,1.75
1785.0,4,2.6,12.0,2.0,5301.0,10,0.9,Suburb,356432.0,6.6,0.7692307692307693
1954.0,3,2.6,14.0,2.0,3445.0,7,5.1,Rural,269029.0,5.6,0.4666666666666667
1355.0,3,1.8,10.0,0.0,1780.0,7,6.0,Downtown,309507.0,4.8,0.6363636363636364
2033.0,5,4.4,23.0,2.0,6408.0,5,2.5,Rural,309429.0,9.4,0.20833333333333334
1539.0,3,1.9,11.0,1.0,1882.0,1,8.2,Downtown,266739.0,4.9,0.08333333333333333
1792.0,3,2.4,65.0,3.0,6013.0,2,9.7,Downtown,309472.0,5.4,0.030303030303030304
2100.0,1,1.5,18.0,2.0,5551.0,9,2.8,Downtown,461308.0,2.5,0.47368421052631576
1804.0,2,1.4,33.0,2.0,3500.0,8,11.4,Rural,244508.0,3.4,0.23529411764705882
1560.0,3,2.7,2.0,1.0,2756.0,8,1.8,Suburb,298549.0,5.7,2.6666666666666665
1740.0,1,1.0,10.0,1.0,2124.0,10,6.3,Suburb,284113.0,2.0,0.9090909090909091
1751.0,4,3.6,8.0,1.0,3050.0,1,13.0,Suburb,252181.0,7.6,0.1111111111111111
1596.0,3,2.3,17.0,2.0,2421.0,6,6.2,Rural,232410.0,5.3,0.3333333333333333
1658.0,3,2.0,39.0,1.0,4324.0,9,19.1,Suburb,272496.0,5.0,0.225
2679.0,2,1.6,2.0,2.0,4241.0,8,0.5,Rural,311107.0,3.6,2.6666666666666665
2109.0,3,2.7,2.0,1.0,5095.0,3,7.1,Suburb,313841.0,5.7,1.0
1637.0,4,2.6,38.0,3.0,4186.0,4,6.6,Suburb,268410.0,6.6,0.10256410256410256
2183.0,5,3.1,5.0,0.0,4116.0,3,8.6,Suburb,308267.0,8.1,0.5
1616.0,2,1.6,22.0,3.0,2070.0,6,14.3,Suburb,287325.0,3.6,0.2608695652173913
2445.0,4,2.3,16.0,3.0,3143.0,9,10.4,Rural,284607.0,6.3,0.5294117647058824
2003.0,3,3.2,36.0,2.0,2525.0,8,12.5,Suburb,330168.0,6.2,0.21621621621621623
1741.0,3,2.0,3.0,2.0,5049.0,10,2.7,Downtown,420157.0,5.0,2.5
2046.0,3,2.7,3.0,1.0,3952.0,4,3.9,Rural,246573.0,5.7,1.0
936.0,2,1.8,16.0,2.0,2837.0,2,7.9,Suburb,178333.0,3.8,0.11764705882352941
1180.0,2,1.2,59.0,1.0,2588.0,8,6.4,Suburb,230474.0,3.2,0.13333333333333333
1143.0,4,2.9,11.0,1.0,2562.0,8,26.0,Waterfront,357969.0,6.9,0.6666666666666666
1879.0,3,2.7,8.0,2.0,4471.0,6,1.7,Suburb,359263.0,5.7,0.6666666666666666
2753.0,5,3.4,19.0,2.0,7818.0,8,3.5,Downtown,504390.0,8.4,0.4
3027.0,3,2.9,53.0,2.0,5537.0,9,6.8,Waterfront,607522.0,5.9,0.16666666666666666
2151.0,2,2.2,36.0,1.0,3183.0,1,16.2,Suburb,248235.0,4.2,0.02702702702702703
2075.0,4,3.4,100.0,1.0,5144.0,9,21.2,Suburb,329771.0,7.4,0.0891089108910891
809.0,3,2.1,0.0,0.0,1579.0,2,3.3,Downtown,185596.0,5.1,2.0
1502.0,3,1.8,2.0,0.0,3331.0,1,0.6,Rural,198221.0,4.8,0.3333333333333333
1367.0,4,2.6,19.0,1.0,3674.0,8,4.4,Suburb,278544.0,6.6,0.4
1459.0,5,3.6,34.0,0.0,3409.0,8,4.0,Suburb,279616.0,8.6,0.22857142857142856
1708.0,4,3.2,7.0,0.0,4486.0,4,34.4,Rural,199803.0,7.2,0.5
1540.0,4,1.8,5.0,2.0,3776.0,8,4.5,Rural,251633.0,5.8,1.3333333333333333
711.0,4,2.9,31.0,0.0,2063.0,7,2.9,Downtown,252814.0,6.9,0.21875
2211.0,5,3.6,1.0,2.0,6243.0,2,3.6,Suburb,352461.0,8.6,1.0
1210.0,3,2.2,9.0,1.0,2939.0,5,4.0,Downtown,268002.0,5.2,0.5
1932.0,1,1.7,14.0,2.0,5335.0,10,13.8,Rural,262997.0,2.7,0.6666666666666666
2941.0,3,2.5,16.0,2.0,9438.0,4,0.7,Downtown,535002.0,5.5,0.23529411764705882
1294.0,2,2.4,26.0,1.0,2839.0,3,3.0,Suburb,189893.0,4.4,0.1111111111111111
500.0,4,2.8,9.0,2.0,1075.0,1,27.1,Rural,93379.0,6.8,0.1
1643.0,4,3.4,19.0,1.0,4860.0,5,1.3,Rural,256876.0,7.4,0.25
2406.0,3,3.1,18.0,2.0,6111.0,10,10.9,Suburb,413203.0,6.1,0.5263157894736842
2877.0,1,1.8,16.0,0.0,3922.0,8,3.5,Rural,312946.0,2.8,0.47058823529411764
1124.0,4,2.4,20.0,3.0,3655.0,9,7.0,Downtown,336389.0,6.4,0.42857142857142855
2073.0,3,2.2,6.0,1.0,2634.0,7,0.8,Rural,249514.0,5.2,1.0
1544.0,4,2.7,2.0,1.0,4511.0,1,2.9,Downtown,265603.0,6.7,0.3333333333333333
1742.0,3,2.5,3.0,2.0,5131.0,1,5.6,Suburb,283719.0,5.5,0.25
3254.0,3,2.6,5.0,1.0,11038.0,1,2.1,Rural,345376.0,5.6,0.16666666666666666
973.0,2,1.3,14.0,2.0,1289.0,2,6.2,Downtown,200841.0,3.3,0.13333333333333333
1940.0,2,1.7,37.0,2.0,4991.0,1,2.0,Downtown,313235.0,3.7,0.02631578947368421
2057.0,4,1.9,24.0,2.0,4493.0,4,8.4,Rural,257613.0,5.9,0.16
2397.0,5,4.2,31.0,0.0,4699.0,10,18.8,Rural,313521.0,9.2,0.3125
1854.0,4,2.6,9.0,2.0,2610.0,9,0.7,Suburb,355475.0,6.6,0.9
1969.0,2,1.7,10.0,2.0,4911.0,4,2.0,Suburb,301327.0,3.7,0.36363636363636365
1585.0,3,2.1,10.0,1.0,3648.0,4,14.9,Suburb,274331.0,5.1,0.36363636363636365
1948.0,4,3.5,4.0,0.0,2806.0,7,8.0,Downtown,355425.0,7.5,1.4
1611.0,4,1.5,1.0,1.0,4203.0,9,0.7,Suburb,349858.0,5.5,4.5
2142.0,2,1.7,18.0,3.0,6206.0,7,5.3,Downtown,456946.0,3.7,0.3684210526315789
1597.0,1,1.0,91.0,1.0,4735.0,1,1.9,Waterfront,292739.0,2.0,0.010869565217391304
2007.0,4,2.7,4.0,2.0,6588.0,1,1.8,Suburb,348538.0,6.7,0.2
1784.0,3,3.2,1.0,0.0,3821.0,4,22.6,Suburb,310147.0,6.2,2.0
2419.0,3,1.9,30.0,1.0,8205.0,4,11.5,Suburb,357366.0,4.9,0.12903225806451613
1772.0,1,1.5,6.0,2.0,5654.0,1,9.5,Waterfront,372486.0,2.5,0.14285714285714285
825.0,3,2.5,35.0,3.0,1553.0,6,2.2,Downtown,225948.0,5.5,0.16666666666666666
2494.0,4,3.5,24.0,2.0,3906.0,10,1.0,Suburb,406233.0,7.5,0.4
1302.0,5,3.2,58.0,2.0,2866.0,2,16.4,Suburb,214634.0,8.2,0.03389830508474576
1440.0,3,1.9,11.0,2.0,3059.0,5,0.2,Suburb,239127.0,4.9,0.4166666666666667
1472.0,3,2.8,22.0,0.0,3716.0,8,3.9,Downtown,350000.0,5.8,0.34782608695652173
2556.0,2,1.9,13.0,1.0,6497.0,3,2.6,Rural,293578.0,3.9,0.21428571428571427
625.0,3,1.5,20.0,2.0,1828.0,9,6.8,Waterfront,308895.0,4.5,0.42857142857142855
3526.0,3,2.0,12.0,3.0,8366.0,7,2.3,Suburb,510543.0,5.0,0.5384615384615384
2381.0,4,3.1,4.0,2.0,3431.0,9,3.0,Suburb,413000.0,7.1,1.8
1923.0,3,2.7,14.0,1.0,6104.0,1,15.2,Waterfront,402132.0,5.7,0.06666666666666667
1770.0,2,1.4,15.0,1.0,3385.0,5,7.4,Rural,232978.0,3.4,0.3125
1957.0,2,1.0,33.0,1.0,6720.0,3,1.3,Downtown,361977.0,3.0,0.08823529411764706
2087.0,3,2.6,27.0,3.0,3070.0,4,10.4,Suburb,286800.0,5.6,0.14285714285714285
2155.0,2,1.1,22.0,2.0,7336.0,4,1.9,Suburb,328608.0,3.1,0.17391304347826086
2106.0,2,1.0,2.0,2.0,2968.0,7,4.5,Suburb,375783.0,3.0,2.3333333333333335
1849.0,5,2.1,26.0,1.0,3201.0,10,8.3,Rural,276692.0,7.1,0.37037037037037035
1691.0,3,2.7,14.0,2.0,2210.0,8,2.5,Waterfront,406103.0,5.7,0.5333333333333333
1717.0,3,2.4,45.0,2.0,4845.0,10,3.9,Waterfront,442438.0,5.4,0.21739130434782608
1693.0,4,2.8,50.0,1.0,5343.0,5,10.6,Suburb,286945.0,6.8,0.09803921568627451
2424.0,5,4.2,1.0,2.0,5329.0,10,22.2,Downtown,477426.0,9.2,5.0
2126.0,3,2.6,34.0,0.0,7091.0,7,6.0,Waterfront,487091.0,5.6,0.2
500.0,4,3.7,1.0,0.0,1279.0,3,0.2,Rural,162958.0,7.7,1.5
2161.0,3,1.6,9.0,2.0,5725.0,3,3.3,Downtown,373819.0,4.6,0.3
1907.0,3,2.3,16.0,2.0,5996.0,3,4.1,Waterfront,450999.0,5.3,0.17647058823529413
1790.0,3,1.5,3.0,1.0,3370.0,4,3.3,Rural,232918.0,4.5,1.0
1586.0,4,2.8,27.0,2.0,3195.0,6,4.6,Suburb,285094.0,6.8,0.21428571428571427
2418.0,4,2.8,0.0,1.0,7940.0,5,8.0,Suburb,373935.0,6.8,5.0
2321.0,3,2.6,4.0,2.0,7595.0,8,1.0,Suburb,428633.0,5.6,1.6
1375.0,2,1.7,17.0,2.0,4738.0,5,2.5,Downtown,264482.0,3.7,0.2777777777777778
2024.0,4,3.2,25.0,2.0,6627.0,5,5.7,Suburb,364846.0,7.2,0.19230769230769232
1266.0,2,2.1,50.0,2.0,1890.0,10,3.0,Rural,217253.0,4.1,0.19607843137254902
1041.0,3,3.4,24.0,1.0,3221.0,2,37.8,Downtown,210217.0,6.4,0.08
1455.0,4,2.7,22.0,1.0,3118.0,5,4.5,Suburb,266019.0,6.7,0.21739130434782608
2274.0,4,2.4,10.0,2.0,7911.0,7,16.3,Suburb,368638.0,6.4,0.6363636363636364
2324.0,4,3.0,0.0,1.0,5313.0,2,18.1,Suburb,337630.0,7.0,2.0
2082.0,4,2.5,3.0,2.0,5150.0,6,14.5,Waterfront,502598.0,6.5,1.5
2199.0,3,3.0,15.0,1.0,5318.0,7,0.4,Suburb,361872.0,6.0,0.4375
2084.0,4,2.8,22.0,0.0,4043.0,5,23.6,Suburb,318245.0,6.8,0.21739130434782608
1447.0,4,2.6,11.0,1.0,1986.0,9,1.1,Rural,244528.0,6.6,0.75
2038.0,2,1.5,26.0,3.0,6644.0,4,0.3,Suburb,340898.0,3.5,0.14814814814814814
2240.0,1,1.5,15.0,1.0,6823.0,10,4.3,Downtown,436011.0,2.5,0.625
2215.0,3,2.2,2.0,2.0,3369.0,1,1.7,Suburb,329606.0,5.2,0.3333333333333333
2454.0,3,2.0,4.0,1.0,7329.0,8,1.6,Downtown,482682.0,5.0,1.6
2190.0,4,3.7,37.0,0.0,5780.0,8,2.7,Downtown,445922.0,7.7,0.21052631578947367
1993.0,4,2.5,26.0,2.0,4267.0,7,2.3,Suburb,337070.0,6.5,0.25925925925925924
2389.0,2,1.7,45.0,2.0,4263.0,8,9.2,Suburb,378548.0,3.7,0.17391304347826086
1785.0,2,2.0,3.0,2.0,5672.0,2,1.7,Waterfront,399722.0,4.0,0.5
1315.0,5,2.7,93.0,2.0,3696.0,3,6.3,Suburb,203251.0,7.7,0.031914893617021274
1710.0,2,1.9,5.0,1.0,4206.0,9,34.4,Suburb,331751.0,3.9,1.5
1390.0,3,1.8,0.0,0.0,3617.0,1,4.5,Suburb,179908.0,4.8,1.0
1429.0,3,2.7,100.0,3.0,2014.0,8,8.2,Downtown,345061.0,5.7,0.07920792079207921
1721.0,3,1.8,7.0,1.0,3941.0,8,27.9,Suburb,310776.0,4.8,1.0
1364.0,2,2.0,22.0,2.0,2244.0,7,1.2,Downtown,298784.0,4.0,0.30434782608695654
1631.0,2,2.3,4.0,2.0,2739.0,5,4.3,Waterfront,398064.0,4.3,1.0
759.0,2,2.1,17.0,1.0,2065.0,4,15.2,Downtown,206616.0,4.1,0.2222222222222222
1917.0,3,2.4,47.0,2.0,6318.0,10,21.5,Suburb,344589.0,5.4,0.20833333333333334
1801.0,3,2.2,8.0,2.0,3834.0,10,7.4,Downtown,424988.0,5.2,1.1111111111111112
1351.0,2,1.4,22.0,1.0,2267.0,10,1.2,Waterfront,421630.0,3.4,0.43478260869565216
2163.0,4,3.6,4.0,2.0,5823.0,10,18.5,Suburb,438198.0,7.6,2.0
2316.0,4,2.6,20.0,2.0,7420.0,6,1.5,Suburb,370116.0,6.6,0.2857142857142857
916.0,1,1.0,8.0,1.0,2676.0,1,3.5,Downtown,192188.0,2.0,0.1111111111111111
1381.0,3,2.6,5.0,2.0,4417.0,5,3.8,Rural,197164.0,5.6,0.8333333333333334
1377.0,4,2.5,8.0,3.0,3352.0,4,4.7,Downtown,286466.0,6.5,0.4444444444444444
1283.0,3,1.8,4.0,2.0,3758.0,4,12.5,Rural,188235.0,4.8,0.8
2256.0,3,1.6,46.0,2.0,3434.0,7,13.0,Downtown,377683.0,4.6,0.14893617021276595
1693.0,4,2.7,10.0,2.0,3388.0,9,10.2,Downtown,385486.0,6.7,0.8181818181818182
1655.0,4,2.9,6.0,1.0,3469.0,8,0.2,Downtown,371249.0,6.9,1.1428571428571428
698.0,4,3.0,12.0,2.0,1658.0,8,6.7,Suburb,238560.0,7.0,0.6153846153846154
2149.0,3,2.8,8.0,2.0,7171.0,5,11.0,Suburb,365771.0,5.8,0.5555555555555556
1118.0,4,3.2,27.0,3.0,3590.0,6,4.7,Downtown,328835.0,7.2,0.21428571428571427
1833.0,3,2.2,71.0,3.0,2767.0,2,23.2,Rural,203340.0,5.2,0.027777777777777776
1953.0,4,2.8,12.0,2.0,3120.0,3,13.9,Suburb,271140.0,6.8,0.23076923076923078
2548.0,3,2.6,39.0,2.0,5154.0,5,8.1,Suburb,364999.0,5.6,0.125
1080.0,2,2.3,17.0,2.0,2018.0,2,0.5,Suburb,196250.0,4.3,0.1111111111111111
500.0,4,3.0,3.0,2.0,1307.0,3,8.5,Suburb,169024.0,7.0,0.75
1901.0,3,2.1,23.0,2.0,6228.0,4,19.4,Suburb,323506.0,5.1,0.16666666666666666
2790.0,3,1.8,14.0,1.0,9523.0,6,3.8,Downtown,507285.0,4.8,0.4
2481.0,5,2.8,21.0,3.0,6707.0,5,14.6,Downtown,458634.0,7.8,0.22727272727272727
1915.0,1,1.4,44.0,1.0,5990.0,10,3.0,Rural,256884.0,2.4,0.2222222222222222
1530.0,3,2.6,12.0,2.0,3684.0,4,6.8,Waterfront,370101.0,5.6,0.3076923076923077
2244.0,2,2.0,46.0,2.0,3768.0,2,8.4,Suburb,257994.0,4.0,0.0425531914893617
1265.0,4,2.8,28.0,3.0,3045.0,5,9.1,Downtown,298704.0,6.8,0.1724137931034483
2062.0,4,3.6,13.0,1.0,5107.0,5,17.1,Suburb,347407.0,7.6,0.35714285714285715
2078.0,3,2.1,18.0,2.0,6042.0,7,2.1,Suburb,338890.0,5.1,0.3684210526315789
2383.0,4,3.4,8.0,2.0,4065.0,1,2.4,Downtown,387965.0,7.4,0.1111111111111111
3318.0,3,2.3,82.0,1.0,6792.0,4,9.7,Downtown,473422.0,5.3,0.04819277108433735
2016.0,4,2.6,22.0,2.0,4107.0,5,1.6,Rural,294078.0,6.6,0.21739130434782608
1520.0,3,2.6,1.0,2.0,5178.0,8,5.0,Suburb,307265.0,5.6,4.0
1786.0,3,2.5,8.0,2.0,3967.0,8,0.2,Downtown,404926.0,5.5,0.8888888888888888
827.0,5,3.7,20.0,1.0,2429.0,1,1.2,Downtown,231601.0,8.7,0.047619047619047616
1418.0,3,2.3,1.0,2.0,4150.0,5,9.1,Downtown,311333.0,5.3,2.5
1575.0,2,1.7,0.0,2.0,2852.0,10,11.0,Suburb,318406.0,3.7,10.0
1512.0,3,3.5,12.0,1.0,3803.0,1,1.0,Downtown,304902.0,6.5,0.07692307692307693
1884.0,5,4.1,8.0,1.0,6136.0,1,2.1,Downtown,338441.0,9.1,0.1111111111111111
1348.0,3,2.7,12.0,3.0,3091.0,2,0.8,Rural,186458.0,5.7,0.15384615384615385
2417.0,2,1.8,6.0,2.0,8154.0,2,4.5,Downtown,418342.0,3.8,0.2857142857142857
1800.0,3,2.8,4.0,2.0,3048.0,9,1.1,Suburb,380346.0,5.8,1.8
1795.0,3,2.6,23.0,1.0,2460.0,4,4.6,Downtown,310325.0,5.6,0.16666666666666666
1620.0,2,1.7,14.0,1.0,5266.0,3,10.5,Downtown,297865.0,3.7,0.2
1885.0,4,2.7,4.0,1.0,5937.0,1,9.2,Downtown,364580.0,6.7,0.2
2254.0,5,3.5,8.0,1.0,7851.0,2,2.6,Rural,301826.0,8.5,0.2222222222222222
1323.0,3,1.0,18.0,2.0,3655.0,6,9.0,Rural,244119.0,4.0,0.3157894736842105
1438.0,3,2.4,1.0,2.0,4824.0,9,21.0,Rural,265117.0,5.4,4.5
1633.0,3,2.1,3.0,2.0,5066.0,5,3.4,Suburb,300311.0,5.1,1.25
1060.0,2,2.5,2.0,0.0,3331.0,4,3.2,Suburb,213999.0,4.5,1.3333333333333333
1349.0,4,2.9,33.0,2.0,3385.0,5,6.8,Downtown,282459.0,6.9,0.14705882352941177
1538.0,3,1.7,28.0,2.0,3198.0,9,2.3,Downtown,320728.0,4.7,0.3103448275862069
2281.0,3,2.3,28.0,0.0,7640.0,7,8.4,Rural,305820.0,5.3,0.2413793103448276
1944.0,4,2.4,25.0,3.0,4265.0,8,14.3,Downtown,405480.0,6.4,0.3076923076923077
1906.0,3,2.5,22.0,2.0,4649.0,4,4.9,Downtown,367428.0,5.5,0.17391304347826086
2268.0,4,3.0,13.0,2.0,5049.0,8,9.1,Downtown,440893.0,7.0,0.5714285714285714
1724.0,2,2.2,21.0,1.0,4308.0,6,8.4,Downtown,372488.0,4.2,0.2727272727272727
2015.0,4,2.5,1.0,3.0,4599.0,5,0.3,Downtown,375089.0,6.5,2.5
1743.0,5,3.5,19.0,2.0,2284.0,7,1.6,Suburb,293383.0,8.5,0.35
1946.0,4,2.2,30.0,2.0,6283.0,6,17.9,Suburb,314903.0,6.2,0.1935483870967742
1479.0,5,3.9,14.0,1.0,3286.0,3,22.4,Rural,199788.0,8.9,0.2
500.0,2,2.0,9.0,3.0,1277.0,5,12.1,Rural,111633.0,4.0,0.5
1726.0,3,2.5,6.0,2.0,2624.0,9,20.3,Suburb,337729.0,5.5,1.2857142857142858
2583.0,4,2.9,21.0,2.0,3120.0,7,2.9,Downtown,435280.0,6.9,0.3181818181818182
2309.0,3,2.5,24.0,1.0,4073.0,4,2.3,Suburb,318281.0,5.5,0.16
2331.0,3,3.1,41.0,1.0,6575.0,7,3.9,Suburb,398078.0,6.1,0.16666666666666666
2480.0,3,2.2,8.0,1.0,3542.0,5,0.5,Downtown,418477.0,5.2,0.5555555555555556
1849.0,2,1.8,29.0,1.0,6084.0,2,13.3,Suburb,286890.0,3.8,0.06666666666666667
1909.0,3,1.8,16.0,2.0,3235.0,6,33.2,Suburb,286626.0,4.8,0.35294117647058826
1460.0,2,1.3,43.0,0.0,2439.0,7,13.9,Suburb,245514.0,3.3,0.1590909090909091
1626.0,4,2.9,15.0,0.0,2630.0,8,6.5,Suburb,275248.0,6.9,0.5
2139.0,2,2.3,15.0,1.0,2636.0,6,2.8,Downtown,370469.0,4.3,0.375
2462.0,2,1.6,17.0,1.0,7325.0,8,1.8,Waterfront,546699.0,3.6,0.4444444444444444
1723.0,3,2.2,28.0,1.0,5535.0,7,3.6,Rural,289532.0,5.2,0.2413793103448276
1552.0,3,2.1,67.0,2.0,4055.0,2,8.8,Downtown,288166.0,5.1,0.029411764705882353
1800.0,4,2.6,2.0,2.0,2939.0,6,4.7,Rural,240775.0,6.6,2.0
2131.0,3,2.4,1.0,0.0,3955.0,9,21.8,Suburb,345681.0,5.4,4.5
1006.0,3,1.6,55.0,1.0,2308.0,6,15.4,Rural,153693.0,4.6,0.10714285714285714
537.0,4,3.5,15.0,1.0,1823.0,4,0.9,Rural,180766.0,7.5,0.25
1497.0,3,2.0,19.0,0.0,2648.0,7,1.1,Suburb,281968.0,5.0,0.35
1129.0,2,2.1,13.0,2.0,3255.0,3,9.0,Downtown,237896.0,4.1,0.21428571428571427
1521.0,3,1.7,2.0,2.0,3363.0,5,2.1,Downtown,323192.0,4.7,1.6666666666666667
1719.0,5,3.8,29.0,2.0,3240.0,1,12.5,Suburb,231757.0,8.8,0.03333333333333333
1551.0,3,2.6,28.0,2.0,3488.0,10,7.2,Suburb,316435.0,5.6,0.3448275862068966
2599.0,3,2.5,7.0,0.0,3544.0,3,2.1,Downtown,381635.0,5.5,0.375
1980.0,2,1.2,7.0,3.0,6013.0,8,5.2,Downtown,380839.0,3.2,1.0
1965.0,2,1.8,36.0,2.0,3458.0,9,4.2,Rural,303950.0,3.8,0.24324324324324326
2142.0,3,1.7,2.0,3.0,6144.0,9,16.5,Waterfront,535793.0,4.7,3.0
1174.0,3,2.2,43.0,0.0,1593.0,10,0.3,Suburb,243723.0,5.2,0.22727272727272727
2372.0,2,2.2,6.0,3.0,8057.0,2,18.1,Downtown,373480.0,4.2,0.2857142857142857
1758.0,5,3.9,18.0,2.0,2890.0,4,8.4,Downtown,336082.0,8.9,0.21052631578947367
2169.0,4,2.9,55.0,2.0,7007.0,5,10.7,Downtown,395823.0,6.9,0.08928571428571429
1210.0,3,1.8,23.0,0.0,3705.0,3,0.2,Waterfront,322233.0,4.8,0.125
945.0,4,3.2,11.0,2.0,3238.0,1,7.9,Downtown,208011.0,7.2,0.08333333333333333
2250.0,2,1.7,23.0,3.0,5173.0,6,7.1,Suburb,344136.0,3.7,0.25
2007.0,3,1.1,8.0,2.0,5766.0,10,6.2,Downtown,415248.0,4.1,1.1111111111111112
1304.0,4,3.3,6.0,2.0,2677.0,2,12.3,Suburb,226269.0,7.3,0.2857142857142857
1322.0,4,2.9,100.0,3.0,2147.0,9,6.5,Suburb,224866.0,6.9,0.0891089108910891
2419.0,4,3.5,28.0,1.0,5368.0,1,15.6,Rural,244850.0,7.5,0.034482758620689655
1146.0,3,1.8,21.0,2.0,1812.0,9,2.1,Downtown,313449.0,4.8,0.4090909090909091
2703.0,5,1.9,9.0,2.0,9349.0,7,13.1,Downtown,488499.0,6.9,0.7
1305.0,2,1.8,1.0,3.0,1855.0,10,1.6,Downtown,357626.0,3.8,5.0
2151.0,4,3.0,1.0,0.0,5496.0,2,13.4,Waterfront,457624.0,7.0,1.0
1619.0,5,2.7,16.0,2.0,4276.0,6,22.6,Rural,252043.0,7.7,0.35294117647058826
2132.0,2,1.2,29.0,2.0,5197.0,8,3.3,Suburb,354609.0,3.2,0.26666666666666666
1501.0,4,4.3,15.0,2.0,4087.0,2,6.0,Suburb,264984.0,8.3,0.125
1710.0,1,1.0,37.0,2.0,2509.0,5,8.6,Suburb,262055.0,2.0,0.13157894736842105
1823.0,3,2.7,1.0,3.0,4515.0,6,0.7,Downtown,410039.0,5.7,3.0
1249.0,3,2.0,9.0,3.0,2324.0,3,5.5,Waterfront,343714.0,5.0,0.3
2207.0,3,1.3,5.0,0.0,7421.0,2,3.6,Suburb,299017.0,4.3,0.3333333333333333
1518.0,5,3.4,12.0,1.0,4482.0,6,16.5,Suburb,276935.0,8.4,0.46153846153846156
1674.0,4,2.8,2.0,0.0,5753.0,3,16.7,Suburb,261661.0,6.8,1.0
1253.0,3,2.1,62.0,1.0,1612.0,2,9.7,Downtown,221205.0,5.1,0.031746031746031744
500.0,4,2.8,5.0,2.0,928.0,1,8.5,Downtown,146558.0,6.8,0.16666666666666666
1695.0,5,3.6,51.0,3.0,2796.0,8,10.6,Rural,247133.0,8.6,0.15384615384615385
3127.0,1,1.0,11.0,2.0,3833.0,1,3.6,Downtown,455177.0,2.0,0.08333333333333333
2232.0,5,2.9,85.0,0.0,3922.0,5,4.1,Suburb,335446.0,7.9,0.05813953488372093
1789.0,2,1.9,16.0,0.0,4940.0,6,6.5,Downtown,371282.0,3.9,0.35294117647058826
1655.0,4,1.9,53.0,2.0,2866.0,3,22.2,Suburb,222228.0,5.9,0.05555555555555555
1812.0,3,1.3,0.0,2.0,4296.0,7,10.3,Downtown,318738.0,4.3,7.0
2101.0,2,2.1,28.0,1.0,6811.0,2,6.4,Suburb,301796.0,4.1,0.06896551724137931
1151.0,3,2.6,47.0,2.0,3218.0,7,11.8,Rural,167730.0,5.6,0.14583333333333334
2413.0,4,2.9,3.0,3.0,5086.0,2,3.7,Downtown,376119.0,6.9,0.5
2193.0,3,1.6,2.0,1.0,4510.0,5,10.5,Suburb,353537.0,4.6,1.6666666666666667
2195.0,2,1.3,11.0,2.0,4935.0,7,4.2,Suburb,340012.0,3.3,0.5833333333333334
2041.0,3,2.2,54.0,1.0,3280.0,3,2.6,Suburb,267549.0,5.2,0.05454545454545454
1811.0,5,2.7,16.0,2.0,4814.0,4,7.5,Waterfront,427583.0,7.7,0.23529411764705882
2170.0,3,1.9,15.0,2.0,4421.0,1,9.3,Rural,267387.0,4.9,0.0625
2125.0,2,2.0,3.0,0.0,6716.0,3,4.9,Downtown,370833.0,4.0,0.75
1605.0,3,3.0,0.0,3.0,4719.0,9,6.7,Downtown,410839.0,6.0,9.0
1485.0,1,1.0,33.0,2.0,3867.0,10,9.5,Downtown,331712.0,2.0,0.29411764705882354
1856.0,4,3.3,2.0,2.0,3782.0,5,11.7,Suburb,287750.0,7.3,1.6666666666666667
2652.0,4,1.9,20.0,1.0,4463.0,8,18.1,Downtown,428852.0,5.9,0.38095238095238093
1118.0,3,2.6,49.0,0.0,3337.0,2,3.5,Suburb,191744.0,5.6,0.04
993.0,3,1.9,5.0,0.0,2303.0,3,24.2,Suburb,178372.0,4.9,0.5
1891.0,4,3.1,22.0,2.0,3247.0,7,8.1,Suburb,336772.0,7.1,0.30434782608695654
1828.0,3,2.2,2.0,2.0,3014.0,10,12.4,Rural,282887.0,5.2,3.3333333333333335
1895.0,4,3.6,19.0,1.0,2995.0,4,9.6,Downtown,356816.0,7.6,0.2
1934.0,4,2.5,4.0,2.0,5778.0,9,1.8,Downtown,421157.0,6.5,1.8
1677.0,4,3.2,27.0,2.0,2896.0,7,0.6,Rural,281632.0,7.2,0.25
2619.0,3,2.2,7.0,2.0,6315.0,1,10.4,Suburb,389951.0,5.2,0.125
920.0,3,2.2,12.0,2.0,2059.0,4,5.7,Suburb,193412.0,5.2,0.3076923076923077
1344.0,5,3.4,18.0,3.0,3404.0,10,9.7,Suburb,304339.0,8.4,0.5263157894736842
1743.0,3,1.9,4.0,2.0,5608.0,6,5.2,Downtown,338892.0,4.9,1.2
896.0,4,2.9,27.0,2.0,2863.0,6,3.0,Rural,186881.0,6.9,0.21428571428571427
1703.0,2,1.7,7.0,1.0,3810.0,10,2.7,Rural,273433.0,3.7,1.25
2714.0,4,3.0,22.0,1.0,3353.0,6,10.5,Suburb,372264.0,7.0,0.2608695652173913
1811.0,3,2.3,3.0,0.0,3949.0,5,2.6,Downtown,351710.0,5.3,1.25
1927.0,2,2.1,23.0,2.0,4999.0,3,10.0,Suburb,267060.0,4.1,0.125
1107.0,2,2.2,3.0,1.0,2749.0,2,3.9,Suburb,220209.0,4.2,0.5
1461.0,4,2.4,11.0,2.0,3942.0,3,11.8,Downtown,279119.0,6.4,0.25
1594.0,4,3.3,6.0,2.0,2478.0,9,1.2,Waterfront,462748.0,7.3,1.2857142857142858
1625.0,3,1.7,28.0,1.0,4366.0,3,1.8,Downtown,305868.0,4.7,0.10344827586206896
2505.0,2,2.0,6.0,1.0,4058.0,3,9.3,Waterfront,435993.0,4.0,0.42857142857142855
2107.0,4,3.2,43.0,1.0,6166.0,1,6.6,Suburb,318710.0,7.2,0.022727272727272728
1189.0,2,1.0,44.0,2.0,2354.0,2,1.8,Downtown,204443.0,3.0,0.044444444444444446
1936.0,3,2.3,4.0,0.0,5484.0,3,18.7,Suburb,295319.0,5.3,0.6
2074.0,2,1.5,19.0,2.0,2717.0,2,2.6,Rural,200409.0,3.5,0.1
2427.0,2,1.3,2.0,2.0,5189.0,8,4.4,Rural,303932.0,3.3,2.6666666666666665
2669.0,2,2.4,10.0,2.0,7531.0,6,1.8,Rural,341123.0,4.4,0.5454545454545454
1242.0,3,2.0,25.0,2.0,2138.0,7,3.9,Suburb,234221.0,5.0,0.2692307692307692
1354.0,2,1.3,22.0,2.0,4101.0,1,5.4,Suburb,198305.0,3.3,0.043478260869565216
1108.0,3,2.3,20.0,0.0,2937.0,6,2.8,Rural,189589.0,5.3,0.2857142857142857
1671.0,3,2.6,7.0,1.0,4263.0,2,11.7,Downtown,297998.0,5.6,0.25
2056.0,3,2.2,9.0,1.0,4139.0,6,4.0,Suburb,340271.0,5.2,0.6
2343.0,3,2.9,2.0,0.0,5411.0,3,10.5,Downtown,382400.0,5.9,1.0
1758.0,4,3.2,25.0,1.0,4525.0,7,1.9,Waterfront,467437.0,7.2,0.2692307692307692
1624.0,2,1.0,14.0,1.0,3714.0,3,3.8,Waterfront,343967.0,3.0,0.2
1883.0,3,2.0,25.0,2.0,5284.0,9,0.2,Downtown,420047.0,5.0,0.34615384615384615
1341.0,2,1.4,6.0,2.0,2947.0,3,11.4,Rural,164464.0,3.4,0.42857142857142855
2949.0,2,1.9,8.0,1.0,4911.0,7,7.9,Waterfront,574120.0,3.9,0.7777777777777778
916.0,3,1.0,8.0,2.0,1550.0,4,13.6,Downtown,226652.0,4.0,0.4444444444444444
1902.0,3,3.6,1.0,1.0,2308.0,8,4.9,Suburb,325469.0,6.6,4.0
2913.0,4,3.2,8.0,1.0,5512.0,2,12.9,Waterfront,519202.0,7.2,0.2222222222222222
1804.0,3,2.4,33.0,2.0,5272.0,8,8.3,Downtown,412774.0,5.4,0.23529411764705882
1695.0,5,4.1,46.0,0.0,5130.0,9,0.2,Suburb,339893.0,9.1,0.19148936170212766
1603.0,1,2.3,15.0,0.0,2670.0,8,2.3,Downtown,339170.0,3.3,0.5
1701.0,2,2.1,12.0,1.0,5793.0,6,5.4,Waterfront,392262.0,4.1,0.46153846153846156
2555.0,1,1.6,1.0,3.0,6018.0,10,7.7,Waterfront,621351.0,2.6,5.0
583.0,2,1.8,42.0,2.0,1929.0,1,0.5,Waterfront,232016.0,3.8,0.023255813953488372
2643.0,3,2.2,0.0,0.0,7468.0,7,9.8,Suburb,436424.0,5.2,7.0
1017.0,4,2.7,58.0,2.0,2910.0,1,6.3,Rural,168196.0,6.7,0.01694915254237288
1653.0,1,1.0,13.0,2.0,2307.0,7,6.0,Rural,216376.0,2.0,0.5
1564.0,5,3.2,8.0,2.0,2668.0,2,2.8,Suburb,268425.0,8.2,0.2222222222222222
2124.0,4,2.2,52.0,2.0,2592.0,8,7.2,Rural,276341.0,6.2,0.1509433962264151
921.0,3,2.3,0.0,1.0,2622.0,2,0.2,Downtown,211374.0,5.3,2.0
2054.0,2,1.0,17.0,1.0,4092.0,3,0.5,Suburb,292951.0,3.0,0.16666666666666666
2913.0,2,1.8,16.0,2.0,8766.0,3,10.6,Downtown,451664.0,3.8,0.17647058823529413
1050.0,2,1.7,5.0,2.0,2079.0,1,3.1,Downtown,206082.0,3.7,0.16666666666666666
1904.0,2,1.8,11.0,2.0,5873.0,5,3.4,Downtown,387704.0,3.8,0.4166666666666667
1436.0,3,2.0,21.0,2.0,2155.0,5,1.9,Suburb,224278.0,5.0,0.22727272727272727
2034.0,2,3.2,26.0,3.0,3252.0,10,4.7,Suburb,382700.0,5.2,0.37037037037037035
1811.0,3,3.0,0.0,3.0,3593.0,5,0.4,Rural,228360.0,6.0,5.0
1447.0,5,2.9,55.0,2.0,3096.0,9,2.9,Downtown,345308.0,7.9,0.16071428571428573
2068.0,4,3.0,4.0,2.0,4140.0,6,6.0,Suburb,351618.0,7.0,1.2
2792.0,5,3.2,5.0,3.0,8254.0,6,5.0,Suburb,465947.0,8.2,1.0
1695.0,2,1.2,6.0,0.0,2412.0,3,60.0,Rural,154799.0,3.2,0.42857142857142855
2196.0,3,1.6,1.0,1.0,4409.0,5,3.9,Suburb,320209.0,4.6,2.5
1089.0,3,2.5,3.0,2.0,3404.0,10,3.9,Suburb,292586.0,5.5,2.5
1274.0,2,1.4,86.0,2.0,1725.0,7,5.6,Rural,214784.0,3.4,0.08045977011494253
2060.0,1,1.6,8.0,2.0,6937.0,3,1.7,Suburb,325327.0,2.6,0.3333333333333333
2616.0,4,3.4,2.0,2.0,9074.0,2,16.7,Downtown,436952.0,7.4,0.6666666666666666
1996.0,4,3.6,2.0,0.0,2802.0,5,6.8,Downtown,355852.0,7.6,1.6666666666666667
1628.0,3,1.9,25.0,1.0,3044.0,3,1.7,Rural,206591.0,4.9,0.11538461538461539
1800.0,3,2.5,39.0,2.0,3702.0,5,12.6,Downtown,324382.0,5.5,0.125
1112.0,3,2.6,6.0,1.0,3320.0,9,0.3,Rural,216051.0,5.6,1.2857142857142858
2132.0,1,1.0,0.0,1.0,5481.0,10,32.4,Suburb,374066.0,2.0,10.0
2285.0,3,1.9,5.0,1.0,6128.0,1,16.0,Waterfront,448658.0,4.9,0.16666666666666666
1551.0,2,2.5,1.0,1.0,4563.0,4,6.9,Rural,216931.0,4.5,2.0
1541.0,2,1.8,2.0,2.0,2267.0,10,0.9,Waterfront,438155.0,3.8,3.3333333333333335
1946.0,5,3.8,11.0,1.0,6064.0,5,1.9,Suburb,352621.0,8.8,0.4166666666666667
1560.0,3,1.9,5.0,2.0,4404.0,2,2.6,Rural,220495.0,4.9,0.3333333333333333
1764.0,4,2.3,15.0,0.0,4459.0,2,2.2,Suburb,297042.0,6.3,0.125
2955.0,3,2.0,6.0,2.0,9593.0,1,5.5,Suburb,407065.0,5.0,0.14285714285714285
1664.0,3,2.2,56.0,1.0,4677.0,8,23.1,Suburb,268294.0,5.2,0.14035087719298245
1603.0,2,1.2,47.0,2.0,2667.0,2,4.7,Rural,170764.0,3.2,0.041666666666666664
1444.0,2,1.7,17.0,2.0,3160.0,3,8.7,Waterfront,315309.0,3.7,0.16666666666666666
2209.0,2,1.0,9.0,1.0,5161.0,2,9.3,Rural,215333.0,3.0,0.2
1700.0,4,2.3,10.0,2.0,2256.0,4,16.4,Suburb,293379.0,6.3,0.36363636363636365
1443.0,4,3.2,11.0,2.0,4900.0,1,0.3,Suburb,274654.0,7.2,0.08333333333333333
2527.0,3,2.6,26.0,1.0,3780.0,3,4.1,Rural,231376.0,5.6,0.1111111111111111
2581.0,3,2.1,12.0,1.0,7238.0,5,12.3,Downtown,448031.0,5.1,0.38461538461538464
1470.0,5,3.0,39.0,3.0,3476.0,10,13.5,Downtown,356559.0,8.0,0.25
773.0,2,1.2,58.0,2.0,973.0,1,21.0,Suburb,103209.0,3.2,0.01694915254237288
2354.0,3,2.1,8.0,1.0,7832.0,4,9.7,Downtown,376285.0,5.1,0.4444444444444444
1423.0,3,2.6,16.0,1.0,4496.0,6,2.2,Downtown,324983.0,5.6,0.35294117647058826
2235.0,4,3.4,2.0,2.0,5377.0,4,5.6,Downtown,414259.0,7.4,1.3333333333333333
716.0,5,3.3,4.0,2.0,1236.0,7,0.3,Downtown,241142.0,8.3,1.4
2291.0,2,1.1,11.0,2.0,3390.0,7,8.3,Downtown,428451.0,3.1,0.5833333333333334
1134.0,4,3.0,5.0,1.0,2309.0,6,6.5,Waterfront,360436.0,7.0,1.0
2202.0,4,2.5,42.0,2.0,3936.0,9,8.8,Suburb,346148.0,6.5,0.20930232558139536
1808.0,2,1.4,3.0,1.0,4277.0,2,21.3,Suburb,273957.0,3.4,0.5
1275.0,3,3.0,12.0,1.0,4364.0,10,9.3,Suburb,294287.0,6.0,0.7692307692307693
1576.0,3,2.7,19.0,2.0,3975.0,8,3.1,Downtown,379772.0,5.7,0.4
2177.0,5,3.6,24.0,3.0,7068.0,8,1.8,Waterfront,545680.0,8.6,0.32
1858.0,2,1.1,10.0,1.0,5011.0,10,15.4,Rural,273840.0,3.1,0.9090909090909091
2121.0,4,3.0,41.0,2.0,4864.0,4,1.7,Downtown,358192.0,7.0,0.09523809523809523
2887.0,3,2.8,17.0,2.0,9139.0,6,1.4,Suburb,438948.0,5.8,0.3333333333333333
940.0,4,2.7,12.0,2.0,2147.0,6,1.9,Rural,152147.0,6.7,0.46153846153846156
2689.0,3,3.0,1.0,2.0,8599.0,5,5.7,Waterfront,575867.0,6.0,2.5
1857.0,3,2.9,12.0,2.0,3474.0,1,1.1,Suburb,254636.0,5.9,0.07692307692307693
1306.0,4,3.7,34.0,0.0,1954.0,3,22.3,Suburb,181208.0,7.7,0.08571428571428572
1068.0,4,3.1,19.0,3.0,3383.0,7,27.1,Downtown,285824.0,7.1,0.35
1696.0,4,3.2,36.0,2.0,4327.0,8,29.1,Waterfront,393498.0,7.2,0.21621621621621623
2307.0,2,2.4,14.0,2.0,7486.0,2,0.3,Downtown,408025.0,4.4,0.13333333333333333
1730.0,4,3.1,3.0,2.0,5808.0,3,23.4,Waterfront,425946.0,7.1,0.75
2631.0,2,1.4,0.0,2.0,3482.0,4,47.7,Suburb,305220.0,3.4,4.0
1002.0,3,2.1,7.0,0.0,2357.0,5,22.8,Suburb,195781.0,5.1,0.625
1793.0,3,2.4,24.0,1.0,3698.0,3,8.9,Suburb,265323.0,5.4,0.12
1111.0,3,1.7,31.0,2.0,2932.0,5,9.7,Downtown,246953.0,4.7,0.15625
2000.0,3,2.2,7.0,1.0,6051.0,8,1.0,Downtown,374795.0,5.2,1.0
2288.0,5,4.0,14.0,0.0,4222.0,8,16.6,Downtown,409003.0,9.0,0.5333333333333333
1569.0,2,1.0,11.0,2.0,3892.0,2,0.5,Downtown,313563.0,3.0,0.16666666666666666
500.0,4,3.7,11.0,2.0,1415.0,6,3.1,Rural,161693.0,7.7,0.5
1909.0,3,2.9,5.0,1.0,2881.0,4,37.8,Suburb,264166.0,5.9,0.6666666666666666
2040.0,2,1.5,3.0,2.0,6268.0,9,4.4,Downtown,395410.0,3.5,2.25
2022.0,2,2.0,4.0,2.0,5245.0,10,1.1,Waterfront,543075.0,4.0,2.0
2480.0,5,3.5,1.0,2.0,8392.0,2,27.9,Rural,280699.0,8.5,1.0
1211.0,4,3.5,4.0,2.0,2399.0,8,33.2,Waterfront,337622.0,7.5,1.6
2174.0,5,4.0,0.0,1.0,3150.0,1,1.7,Waterfront,421661.0,9.0,1.0
2456.0,5,2.8,20.0,1.0,5808.0,6,16.0,Downtown,444508.0,7.8,0.2857142857142857
822.0,2,2.0,8.0,1.0,1149.0,10,4.0,Suburb,232629.0,4.0,1.1111111111111112
1976.0,3,2.2,72.0,2.0,6778.0,1,3.8,Rural,242056.0,5.2,0.0136986301369863
1523.0,4,2.9,4.0,2.0,1963.0,2,2.4,Suburb,271108.0,6.9,0.4
1755.0,3,1.9,8.0,2.0,5148.0,3,0.4,Downtown,326755.0,4.9,0.3333333333333333
1991.0,3,3.2,9.0,2.0,4794.0,9,2.5,Rural,297567.0,6.2,0.9
1532.0,3,2.8,0.0,2.0,3137.0,5,0.4,Downtown,324389.0,5.8,5.0
1428.0,3,1.9,37.0,2.0,1930.0,10,20.7,Downtown,291331.0,4.9,0.2631578947368421
1819.0,3,1.6,1.0,1.0,4786.0,10,8.7,Suburb,327988.0,4.6,5.0
1202.0,2,1.5,56.0,0.0,3060.0,2,17.4,Suburb,168039.0,3.5,0.03508771929824561
1203.0,3,2.5,45.0,2.0,2221.0,10,10.1,Suburb,266312.0,5.5,0.21739130434782608
2174.0,3,2.4,15.0,0.0,7160.0,5,1.1,Downtown,408214.0,5.4,0.3125
1168.0,3,2.9,16.0,1.0,2219.0,5,22.6,Rural,172663.0,5.9,0.29411764705882354
2166.0,2,2.1,21.0,2.0,4840.0,1,18.4,Downtown,315134.0,4.1,0.045454545454545456
2054.0,4,3.4,10.0,1.0,5034.0,3,3.4,Downtown,412292.0,7.4,0.2727272727272727
851.0,1,1.3,21.0,2.0,1217.0,5,0.9,Rural,153263.0,2.3,0.22727272727272727
1427.0,3,1.6,1.0,1.0,4772.0,9,9.7,Waterfront,417754.0,4.6,4.5
2457.0,4,2.8,1.0,0.0,5065.0,10,10.4,Rural,337097.0,6.8,5.0
1260.0,3,2.8,12.0,1.0,1746.0,1,18.2,Rural,136844.0,5.8,0.07692307692307693
1545.0,3,2.3,16.0,2.0,3230.0,8,0.4,Suburb,306776.0,5.3,0.47058823529411764
2054.0,4,3.2,44.0,1.0,5300.0,1,1.2,Suburb,303831.0,7.2,0.022222222222222223
2231.0,3,2.1,2.0,2.0,5313.0,9,7.3,Downtown,458223.0,5.1,3.0
1662.0,4,2.4,35.0,2.0,4649.0,6,7.7,Suburb,277624.0,6.4,0.16666666666666666
1471.0,4,2.8,5.0,3.0,1953.0,1,0.3,Suburb,297655.0,6.8,0.16666666666666666
2582.0,4,3.1,10.0,1.0,4788.0,8,4.0,Downtown,495001.0,7.1,0.7272727272727273
2756.0,3,2.0,8.0,2.0,8500.0,5,7.0,Rural,374403.0,5.0,0.5555555555555556
2338.0,2,1.6,10.0,2.0,3235.0,7,10.7,Suburb,346646.0,3.6,0.6363636363636364
1847.0,3,1.8,3.0,3.0,5851.0,7,3.0,Downtown,406249.0,4.8,1.75
1355.0,3,2.9,14.0,3.0,1912.0,7,5.3,Downtown,317149.0,5.9,0.4666666666666667
1343.0,3,2.2,32.0,1.0,4189.0,6,13.5,Suburb,244756.0,5.2,0.18181818181818182
2087.0,3,3.0,12.0,2.0,4236.0,8,24.6,Downtown,410982.0,6.0,0.6153846153846154
2030.0,3,3.1,13.0,1.0,5294.0,9,2.1,Rural,282872.0,6.1,0.6428571428571429
2571.0,1,1.1,38.0,0.0,3989.0,2,2.3,Suburb,324488.0,2.1,0.05128205128205128
2158.0,3,1.8,24.0,0.0,2918.0,7,22.5,Suburb,303074.0,4.8,0.28
973.0,3,1.3,13.0,2.0,1651.0,2,4.0,Suburb,189041.0,4.3,0.14285714285714285
2379.0,4,2.2,6.0,2.0,3554.0,6,10.1,Rural,316001.0,6.2,0.8571428571428571
1251.0,1,1.0,43.0,0.0,2400.0,2,7.6,Suburb,174603.0,2.0,0.045454545454545456
1589.0,3,3.0,17.0,2.0,3787.0,10,2.7,Suburb,348353.0,6.0,0.5555555555555556
1938.0,5,3.6,5.0,1.0,4950.0,6,8.5,Suburb,334996.0,8.6,1.0
2898.0,2,1.9,6.0,2.0,8742.0,2,8.5,Downtown,443810.0,3.9,0.2857142857142857
3510.0,3,1.2,33.0,1.0,9510.0,1,7.2,Rural,381887.0,4.2,0.029411764705882353
2134.0,2,1.1,1.0,1.0,5549.0,7,0.8,Rural,298683.0,3.1,3.5
1699.0,4,3.3,97.0,1.0,3648.0,3,42.7,Suburb,210147.0,7.3,0.030612244897959183
2094.0,3,2.4,3.0,1.0,4795.0,4,4.1,Rural,274974.0,5.4,1.0
2288.0,3,2.2,32.0,2.0,4927.0,6,8.1,Rural,263770.0,5.2,0.18181818181818182
1624.0,3,2.6,10.0,1.0,5094.0,5,17.4,Rural,235944.0,5.6,0.45454545454545453
2787.0,4,3.7,14.0,2.0,4819.0,4,4.4,Rural,324435.0,7.7,0.26666666666666666
1927.0,2,1.6,43.0,1.0,2338.0,9,11.9,Suburb,318753.0,3.6,0.20454545454545456
2074.0,1,1.1,11.0,2.0,5596.0,6,28.6,Suburb,344217.0,2.1,0.5
2166.0,4,3.0,15.0,2.0,3608.0,6,3.6,Suburb,377134.0,7.0,0.375
2032.0,3,3.5,1.0,0.0,6598.0,2,4.2,Rural,232111.0,6.5,1.0
2261.0,4,1.9,0.0,2.0,7180.0,6,18.9,Downtown,393653.0,5.9,6.0
1461.0,3,2.6,6.0,0.0,2011.0,7,1.4,Rural,224531.0,5.6,1.0
1493.0,4,2.8,23.0,2.0,2157.0,8,0.2,Rural,241102.0,6.8,0.3333333333333333
1195.0,3,2.6,3.0,1.0,2795.0,8,19.2,Downtown,275611.0,5.6,2.0
2042.0,4,2.6,2.0,2.0,5312.0,9,13.8,Rural,282330.0,6.6,3.0
2228.0,5,3.5,11.0,2.0,4082.0,10,28.8,Downtown,425631.0,8.5,0.8333333333333334
2052.0,3,2.7,21.0,3.0,5845.0,3,0.5,Suburb,355665.0,5.7,0.13636363636363635
2721.0,2,3.3,25.0,2.0,6988.0,10,1.4,Rural,354832.0,5.3,0.38461538461538464
1797.0,3,2.7,4.0,2.0,3499.0,7,0.9,Downtown,350269.0,5.7,1.4
2168.0,2,1.3,2.0,1.0,2728.0,7,9.2,Rural,262968.0,3.3,2.3333333333333335
1200.0,2,1.5,56.0,3.0,3510.0,1,7.5,Rural,151415.0,3.5,0.017543859649122806
1587.0,3,2.1,6.0,2.0,2688.0,8,3.6,Suburb,286955.0,5.1,1.1428571428571428
2183.0,3,1.4,38.0,1.0,6809.0,4,0.5,Downtown,396041.0,4.4,0.10256410256410256
2267.0,3,2.1,40.0,2.0,4912.0,5,8.2,Downtown,408877.0,5.1,0.12195121951219512
1638.0,3,2.7,30.0,1.0,4140.0,6,6.8,Suburb,283309.0,5.7,0.1935483870967742
1761.0,4,2.3,4.0,2.0,5649.0,3,1.0,Waterfront,403708.0,6.3,0.6
965.0,2,2.2,34.0,2.0,3075.0,5,19.2,Suburb,193948.0,4.2,0.14285714285714285
1604.0,2,1.9,29.0,1.0,3295.0,10,1.8,Downtown,364331.0,3.9,0.3333333333333333
2290.0,2,1.3,18.0,2.0,3848.0,5,10.9,Suburb,289962.0,3.3,0.2631578947368421
2116.0,3,2.2,8.0,1.0,6312.0,1,17.3,Suburb,308685.0,5.2,0.1111111111111111
2075.0,2,2.5,6.0,1.0,4557.0,3,6.9,Rural,239947.0,4.5,0.42857142857142855
1827.0,3,2.7,3.0,1.0,2999.0,3,2.3,Downtown,328389.0,5.7,0.75
1804.0,3,2.3,14.0,2.0,5917.0,1,3.0,Rural,223414.0,5.3,0.06666666666666667
1437.0,4,2.8,18.0,1.0,2379.0,7,17.4,Suburb,253429.0,6.8,0.3684210526315789
2184.0,1,1.1,9.0,2.0,2750.0,1,2.8,Waterfront,376685.0,2.1,0.1
2032.0,4,2.6,13.0,2.0,2533.0,7,11.0,Suburb,322387.0,6.6,0.5
2071.0,4,1.8,9.0,1.0,5449.0,4,37.0,Suburb,293233.0,5.8,0.4
1511.0,4,3.9,20.0,0.0,4113.0,9,60.0,Waterfront,359018.0,7.9,0.42857142857142855
616.0,5,3.6,46.0,1.0,1180.0,7,6.1,Downtown,232465.0,8.6,0.14893617021276595
2403.0,1,1.3,4.0,1.0,4652.0,5,14.0,Waterfront,496690.0,2.3,1.0
1537.0,2,1.7,10.0,2.0,3045.0,7,37.0,Suburb,241260.0,3.7,0.6363636363636364
1325.0,4,2.5,3.0,0.0,3663.0,9,3.8,Downtown,339400.0,6.5,2.25
2181.0,3,2.2,20.0,3.0,2909.0,10,2.3,Suburb,358436.0,5.2,0.47619047619047616
1584.0,3,1.5,26.0,2.0,5286.0,6,1.0,Rural,246021.0,4.5,0.2222222222222222
2383.0,4,4.0,54.0,1.0,4079.0,1,1.2,Downtown,367750.0,8.0,0.01818181818181818
2139.0,4,2.3,7.0,1.0,7485.0,6,15.4,Suburb,352692.0,6.3,0.75
2176.0,5,3.0,60.0,1.0,3470.0,1,7.1,Suburb,282193.0,8.0,0.01639344262295082
1049.0,5,3.3,1.0,2.0,3120.0,4,16.6,Suburb,247258.0,8.3,2.0
2467.0,4,3.5,18.0,0.0,4228.0,8,12.5,Downtown,412671.0,7.5,0.42105263157894735
1944.0,3,2.3,1.0,1.0,2694.0,5,9.0,Rural,219131.0,5.3,2.5
1597.0,4,2.3,45.0,2.0,5130.0,5,7.5,Waterfront,409514.0,6.3,0.10869565217391304
1879.0,1,1.7,15.0,1.0,5966.0,10,0.4,Waterfront,503638.0,2.7,0.625
823.0,2,2.1,22.0,1.0,1752.0,8,16.5,Rural,162391.0,4.1,0.34782608695652173
2025.0,4,3.2,36.0,2.0,5701.0,8,4.3,Downtown,437544.0,7.2,0.21621621621621623
1234.0,3,2.7,3.0,2.0,3062.0,1,6.6,Rural,186211.0,5.7,0.25
1056.0,2,2.9,1.0,1.0,3339.0,5,0.2,Downtown,305036.0,4.9,2.5
963.0,2,2.8,42.0,2.0,1853.0,5,22.0,Downtown,230935.0,4.8,0.11627906976744186
2412.0,4,2.6,8.0,0.0,5800.0,8,18.6,Suburb,394367.0,6.6,0.8888888888888888
1454.0,3,3.1,3.0,2.0,3368.0,1,6.3,Suburb,240201.0,6.1,0.25
2644.0,4,3.1,13.0,2.0,5325.0,7,6.9,Rural,328459.0,7.1,0.5
1505.0,2,1.9,18.0,2.0,4892.0,7,9.8,Suburb,291393.0,3.9,0.3684210526315789
861.0,4,2.1,1.0,3.0,1362.0,9,2.5,Suburb,256767.0,6.1,4.5
1186.0,4,2.8,6.0,3.0,1831.0,2,2.0,Downtown,236373.0,6.8,0.2857142857142857
2480.0,3,1.9,1.0,3.0,6267.0,3,9.0,Waterfront,519659.0,4.9,1.5
1714.0,3,2.7,11.0,2.0,4649.0,4,0.9,Suburb,295920.0,5.7,0.3333333333333333
1498.0,2,2.2,45.0,1.0,2468.0,1,4.8,Suburb,214377.0,4.2,0.021739130434782608
1888.0,5,2.5,81.0,2.0,3962.0,7,5.4,Downtown,348048.0,7.5,0.08536585365853659
2076.0,4,2.9,20.0,2.0,7011.0,10,3.8,Rural,311074.0,6.9,0.47619047619047616
2415.0,5,4.1,4.0,2.0,4268.0,3,1.6,Suburb,371962.0,9.1,0.6
2597.0,3,2.2,47.0,1.0,7109.0,3,3.5,Downtown,426111.0,5.2,0.0625
1602.0,4,3.3,15.0,3.0,4650.0,3,3.3,Downtown,323094.0,7.3,0.1875
1071.0,4,3.1,3.0,2.0,2389.0,8,5.5,Suburb,291485.0,7.1,2.0
1573.0,4,3.1,51.0,3.0,5279.0,9,9.0,Suburb,349805.0,7.1,0.17307692307692307
1943.0,5,3.4,28.0,2.0,5624.0,10,27.6,Downtown,389420.0,8.4,0.3448275862068966
1270.0,3,1.7,26.0,1.0,2862.0,2,1.2,Waterfront,282962.0,4.7,0.07407407407407407
1274.0,2,1.1,25.0,0.0,3197.0,10,16.5,Downtown,302430.0,3.1,0.38461538461538464
1989.0,4,3.3,4.0,0.0,5555.0,10,2.7,Suburb,390927.0,7.3,2.0
1773.0,4,2.9,5.0,1.0,4542.0,1,7.2,Waterfront,422692.0,6.9,0.16666666666666666
1818.0,3,2.2,23.0,2.0,5856.0,9,6.3,Suburb,353880.0,5.2,0.375
1383.0,2,1.5,5.0,2.0,2795.0,6,6.5,Suburb,258736.0,3.5,1.0
1673.0,3,2.1,12.0,2.0,3162.0,9,10.3,Suburb,296892.0,5.1,0.6923076923076923
1292.0,3,2.8,30.0,2.0,2186.0,6,3.8,Downtown,261576.0,5.8,0.1935483870967742
2290.0,3,2.1,31.0,0.0,2947.0,2,3.1,Waterfront,410896.0,5.1,0.0625
2369.0,4,2.2,12.0,1.0,3077.0,1,15.3,Suburb,337382.0,6.2,0.07692307692307693
785.0,4,3.3,31.0,0.0,2513.0,8,2.0,Rural,177787.0,7.3,0.25
1289.0,2,1.6,36.0,1.0,3558.0,3,1.6,Downtown,238363.0,3.6,0.08108108108108109
977.0,3,2.3,21.0,2.0,2657.0,1,0.2,Downtown,223733.0,5.3,0.045454545454545456
1442.0,3,3.1,5.0,0.0,3769.0,8,1.9,Downtown,308320.0,6.1,1.3333333333333333
1754.0,2,1.7,6.0,1.0,5531.0,1,5.8,Suburb,267853.0,3.7,0.14285714285714285
1003.0,4,3.0,8.0,1.0,2312.0,8,6.2,Suburb,267816.0,7.0,0.8888888888888888
1293.0,5,2.9,2.0,2.0,4140.0,1,2.3,Rural,178257.0,7.9,0.3333333333333333
1248.0,3,2.2,6.0,2.0,2529.0,9,0.6,Suburb,311708.0,5.2,1.2857142857142858
1914.0,4,3.2,5.0,2.0,6376.0,9,10.9,Waterfront,539557.0,7.2,1.5
1838.0,4,2.1,12.0,1.0,5159.0,9,11.3,Downtown,422482.0,6.1,0.6923076923076923
1403.0,4,3.0,48.0,3.0,2513.0,3,49.1,Rural,135046.0,7.0,0.061224489795918366
1897.0,2,1.8,2.0,2.0,4738.0,4,18.4,Rural,229054.0,3.8,1.3333333333333333
1499.0,5,3.5,25.0,2.0,3637.0,5,20.8,Rural,234029.0,8.5,0.19230769230769232
1651.0,3,2.8,23.0,2.0,2505.0,6,12.8,Rural,197644.0,5.8,0.25
2720.0,3,2.5,2.0,2.0,6963.0,9,7.6,Rural,375210.0,5.5,3.0
2537.0,2,2.4,51.0,3.0,4881.0,4,1.1,Suburb,353540.0,4.4,0.07692307692307693
1085.0,3,1.8,17.0,1.0,1433.0,6,7.8,Downtown,268578.0,4.8,0.3333333333333333
2256.0,2,1.8,9.0,2.0,7630.0,1,0.5,Downtown,390386.0,3.8,0.1
2246.0,2,1.7,28.0,0.0,6009.0,2,17.3,Waterfront,442460.0,3.7,0.06896551724137931
1168.0,3,1.8,6.0,2.0,3757.0,8,5.3,Suburb,251048.0,4.8,1.1428571428571428
2250.0,4,3.4,24.0,1.0,6199.0,4,9.6,Rural,285525.0,7.4,0.16
2646.0,4,4.1,1.0,1.0,5348.0,10,0.4,Suburb,425618.0,8.1,5.0
1183.0,3,2.3,37.0,2.0,2815.0,7,6.1,Downtown,293845.0,5.3,0.18421052631578946
1295.0,4,3.2,12.0,2.0,3567.0,4,2.9,Downtown,304890.0,7.2,0.3076923076923077
2360.0,4,2.9,20.0,0.0,8044.0,9,2.7,Suburb,413511.0,6.9,0.42857142857142855
1949.0,4,2.5,5.0,2.0,3476.0,9,3.9,Suburb,344753.0,6.5,1.5
2103.0,2,1.0,23.0,2.0,6756.0,4,0.2,Downtown,376667.0,3.0,0.16666666666666666
1987.0,4,2.5,30.0,1.0,6608.0,8,5.0,Suburb,363991.0,6.5,0.25806451612903225
2015.0,5,2.8,13.0,2.0,5525.0,6,5.3,Downtown,413751.0,7.8,0.42857142857142855
1070.0,4,3.8,19.0,2.0,3576.0,1,15.9,Suburb,237370.0,7.8,0.05
2376.0,3,2.2,12.0,2.0,5026.0,7,4.8,Downtown,453871.0,5.2,0.5384615384615384
2443.0,3,2.1,45.0,1.0,8287.0,1,3.6,Rural,262393.0,5.1,0.021739130434782608
1674.0,4,3.3,14.0,1.0,4715.0,3,42.0,Suburb,263187.0,7.3,0.2
1776.0,3,1.7,37.0,2.0,2303.0,8,6.8,Suburb,317080.0,4.7,0.21052631578947367
958.0,2,1.3,32.0,3.0,3148.0,9,5.1,Downtown,273324.0,3.3,0.2727272727272727
2083.0,3,2.3,11.0,2.0,4821.0,3,5.5,Downtown,378614.0,5.3,0.25
2115.0,4,3.4,5.0,0.0,4777.0,1,13.3,Suburb,271890.0,7.4,0.16666666666666666
1766.0,4,3.2,10.0,2.0,4420.0,1,3.3,Suburb,268769.0,7.2,0.09090909090909091
2418.0,2,1.8,35.0,2.0,3732.0,7,3.9,Suburb,333876.0,3.8,0.19444444444444445
1616.0,5,3.5,5.0,0.0,3683.0,5,11.3,Downtown,328420.0,8.5,0.8333333333333334
2111.0,3,2.5,15.0,3.0,6569.0,1,0.6,Suburb,317143.0,5.5,0.0625
1239.0,4,3.0,33.0,3.0,1531.0,6,16.0,Rural,185208.0,7.0,0.17647058823529413
1787.0,4,2.4,9.0,0.0,3266.0,6,4.5,Rural,257356.0,6.4,0.6
1704.0,4,2.9,21.0,3.0,2054.0,4,7.0,Downtown,322917.0,6.9,0.18181818181818182
1924.0,5,3.0,6.0,1.0,4148.0,7,11.3,Suburb,353408.0,8.0,1.0
1597.0,3,2.3,2.0,2.0,4592.0,7,2.5,Downtown,393163.0,5.3,2.3333333333333335
1728.0,4,2.7,32.0,1.0,5248.0,9,17.7,Downtown,413512.0,6.7,0.2727272727272727
2254.0,2,3.0,2.0,1.0,7605.0,1,31.0,Waterfront,436017.0,5.0,0.3333333333333333
1560.0,4,2.9,6.0,2.0,4055.0,5,5.5,Downtown,347967.0,6.9,0.7142857142857143
916.0,4,2.2,39.0,2.0,1636.0,10,22.1,Suburb,228704.0,6.2,0.25
2762.0,4,2.8,9.0,0.0,9185.0,3,0.2,Suburb,433050.0,6.8,0.3
2560.0,3,2.6,72.0,2.0,7637.0,7,18.0,Rural,322287.0,5.6,0.0958904109589041
1089.0,4,3.7,78.0,1.0,2746.0,4,3.0,Suburb,195121.0,7.7,0.05063291139240506
2179.0,2,1.4,6.0,1.0,6101.0,4,3.0,Downtown,376792.0,3.4,0.5714285714285714
1523.0,2,1.0,1.0,1.0,5065.0,1,2.1,Suburb,268680.0,3.0,0.5
1945.0,4,3.3,24.0,2.0,5521.0,1,3.1,Suburb,290908.0,7.3,0.04
1962.0,3,1.6,12.0,1.0,4017.0,10,1.9,Downtown,409596.0,4.6,0.7692307692307693
1671.0,4,2.7,2.0,0.0,4746.0,2,18.9,Suburb,272886.0,6.7,0.6666666666666666
1369.0,3,2.2,25.0,0.0,1770.0,2,18.3,Downtown,221262.0,5.2,0.07692307692307693
1420.0,2,1.7,1.0,0.0,2966.0,1,0.9,Downtown,278608.0,3.7,0.5
1296.0,4,3.2,41.0,2.0,2766.0,8,1.2,Suburb,298196.0,7.2,0.19047619047619047
1342.0,3,2.0,3.0,3.0,2125.0,6,15.8,Downtown,278869.0,5.0,1.5
1763.0,2,1.6,3.0,0.0,2209.0,6,4.1,Suburb,272224.0,3.6,1.5
1406.0,4,2.9,4.0,3.0,2119.0,10,1.5,Suburb,330300.0,6.9,2.0
2175.0,3,2.4,65.0,2.0,5885.0,10,5.7,Rural,300324.0,5.4,0.15151515151515152
2618.0,4,2.9,24.0,2.0,7973.0,9,4.3,Downtown,479672.0,6.9,0.36
1481.0,3,2.5,32.0,2.0,5143.0,5,2.0,Downtown,307274.0,5.5,0.15151515151515152
1932.0,4,3.3,10.0,2.0,3858.0,4,10.2,Downtown,363667.0,7.3,0.36363636363636365
2075.0,4,3.1,8.0,0.0,5351.0,6,8.0,Suburb,362563.0,7.1,0.6666666666666666
2060.0,4,3.1,5.0,2.0,6912.0,8,0.8,Rural,331004.0,7.1,1.3333333333333333
1842.0,2,1.0,13.0,2.0,2918.0,1,20.8,Downtown,308661.0,3.0,0.07142857142857142
2208.0,4,2.9,16.0,2.0,6294.0,7,6.5,Waterfront,521791.0,6.9,0.4117647058823529
2065.0,4,3.1,20.0,2.0,6064.0,8,2.3,Downtown,425066.0,7.1,0.38095238095238093
1119.0,4,3.3,6.0,0.0,1572.0,9,1.8,Suburb,267253.0,7.3,1.2857142857142858
2278.0,3,2.0,59.0,2.0,7246.0,8,1.2,Rural,275812.0,5.0,0.13333333333333333
2288.0,4,2.6,4.0,2.0,7024.0,7,4.4,Rural,319375.0,6.6,1.4
1380.0,4,2.6,67.0,1.0,1762.0,3,1.2,Rural,168382.0,6.6,0.04411764705882353
1821.0,2,2.0,0.0,1.0,2567.0,2,4.3,Rural,224725.0,4.0,2.0
2176.0,3,2.8,13.0,2.0,2857.0,3,1.3,Suburb,333905.0,5.8,0.21428571428571427
1685.0,4,2.7,8.0,2.0,3319.0,4,8.6,Rural,234757.0,6.7,0.4444444444444444
2390.0,1,1.6,12.0,2.0,5668.0,4,12.3,Downtown,393356.0,2.6,0.3076923076923077
3100.0,5,3.6,17.0,2.0,7516.0,6,6.4,Rural,380847.0,8.6,0.3333333333333333
1368.0,4,2.8,11.0,1.0,2484.0,7,9.1,Suburb,257827.0,6.8,0.5833333333333334
1040.0,4,2.8,11.0,0.0,3429.0,4,22.3,Rural,164305.0,6.8,0.3333333333333333
1967.0,3,2.7,26.0,0.0,4026.0,10,8.1,Suburb,349149.0,5.7,0.37037037037037035
2197.0,2,1.9,23.0,0.0,2867.0,6,3.6,Suburb,318683.0,3.9,0.25
1673.0,5,4.6,36.0,1.0,3163.0,9,4.8,Suburb,327657.0,9.6,0.24324324324324326
2599.0,3,1.9,6.0,1.0,6294.0,6,15.8,Rural,298613.0,4.9,0.8571428571428571
1064.0,4,3.2,19.0,2.0,2276.0,3,1.1,Downtown,233833.0,7.2,0.15
2181.0,3,2.0,18.0,2.0,3991.0,1,3.2,Downtown,340843.0,5.0,0.05263157894736842
1467.0,2,1.3,9.0,0.0,2203.0,10,6.9,Downtown,339878.0,3.3,1.0
2746.0,1,1.1,13.0,1.0,8469.0,10,9.0,Downtown,479274.0,2.1,0.7142857142857143
2896.0,3,2.4,8.0,1.0,10110.0,5,11.5,Rural,343595.0,5.4,0.5555555555555556
1378.0,5,5.0,3.0,2.0,2698.0,10,3.1,Downtown,419596.0,10.0,2.5
1498.0,3,2.2,5.0,0.0,3112.0,10,1.3,Waterfront,433679.0,5.2,1.6666666666666667
2273.0,3,1.7,2.0,0.0,5959.0,3,24.8,Suburb,319227.0,4.7,1.0
1587.0,3,2.4,23.0,3.0,4527.0,8,0.6,Downtown,404484.0,5.4,0.3333333333333333
1775.0,3,1.3,22.0,2.0,3730.0,10,0.8,Rural,277386.0,4.3,0.43478260869565216
1814.0,3,2.3,60.0,1.0,5952.0,1,5.5,Suburb,267445.0,5.3,0.01639344262295082
744.0,4,2.9,26.0,1.0,1851.0,2,13.7,Suburb,141823.0,6.9,0.07407407407407407
1792.0,3,2.7,1.0,1.0,4007.0,3,11.9,Suburb,287681.0,5.7,1.5
1421.0,3,2.8,43.0,2.0,3819.0,3,22.2,Rural,181973.0,5.8,0.06818181818181818
1529.0,2,1.4,40.0,2.0,5186.0,8,1.2,Downtown,362604.0,3.4,0.1951219512195122
2594.0,5,3.4,12.0,0.0,7853.0,5,3.8,Waterfront,597947.0,8.4,0.38461538461538464
1109.0,2,1.3,18.0,2.0,1433.0,8,2.7,Waterfront,338109.0,3.3,0.42105263157894735
2247.0,2,1.1,75.0,1.0,4414.0,6,15.8,Suburb,312059.0,3.1,0.07894736842105263
1647.0,4,3.1,15.0,1.0,3759.0,2,5.4,Downtown,270848.0,7.1,0.125
1646.0,3,1.7,47.0,1.0,3166.0,4,0.2,Suburb,217508.0,4.7,0.08333333333333333
2235.0,3,2.1,2.0,2.0,6281.0,9,9.8,Downtown,474701.0,5.1,3.0
1987.0,3,1.8,4.0,1.0,6161.0,4,3.9,Downtown,329816.0,4.8,0.8
2114.0,4,3.2,12.0,1.0,6093.0,5,6.1,Downtown,411350.0,7.2,0.38461538461538464
2333.0,2,2.6,18.0,1.0,8108.0,5,17.9,Suburb,359999.0,4.6,0.2631578947368421
1618.0,4,2.2,34.0,0.0,2956.0,10,2.4,Rural,272448.0,6.2,0.2857142857142857
1463.0,4,2.0,89.0,2.0,4700.0,8,2.2,Rural,225208.0,6.0,0.08888888888888889
1203.0,3,2.2,10.0,1.0,3565.0,6,2.4,Rural,237417.0,5.2,0.5454545454545454
1346.0,3,2.3,1.0,0.0,2736.0,10,3.3,Suburb,292750.0,5.3,5.0
3422.0,3,2.4,32.0,2.0,9884.0,7,0.9,Suburb,528210.0,5.4,0.21212121212121213
2485.0,4,2.7,19.0,2.0,3577.0,6,9.6,Suburb,342803.0,6.7,0.3
1057.0,3,2.2,4.0,2.0,3187.0,5,1.9,Waterfront,293646.0,5.2,1.0
1073.0,3,2.5,14.0,2.0,2601.0,5,20.8,Downtown,248857.0,5.5,0.3333333333333333
2065.0,3,2.8,27.0,1.0,3866.0,3,1.9,Rural,217888.0,5.8,0.10714285714285714
2101.0,5,2.5,29.0,2.0,5690.0,7,2.4,Suburb,366468.0,7.5,0.23333333333333334
2102.0,3,2.1,14.0,2.0,5624.0,10,2.8,Suburb,381908.0,5.1,0.6666666666666666
1660.0,5,3.6,7.0,1.0,2792.0,5,11.7,Rural,242913.0,8.6,0.625
1731.0,3,1.8,73.0,3.0,2198.0,7,4.5,Suburb,261572.0,4.8,0.0945945945945946
1980.0,2,2.6,22.0,0.0,4351.0,2,13.7,Rural,225674.0,4.6,0.08695652173913043
1847.0,2,1.4,10.0,2.0,4636.0,9,12.3,Waterfront,491701.0,3.4,0.8181818181818182
579.0,3,2.3,7.0,2.0,1862.0,8,21.2,Suburb,192486.0,5.3,1.0
1674.0,2,2.0,26.0,2.0,5583.0,5,11.3,Downtown,341800.0,4.0,0.18518518518518517
1332.0,1,1.0,6.0,3.0,3218.0,2,0.4,Suburb,209254.0,2.0,0.2857142857142857
1896.0,5,2.6,4.0,2.0,5562.0,6,14.5,Waterfront,468269.0,7.6,1.2
3442.0,4,2.7,15.0,1.0,7608.0,8,22.3,Downtown,537558.0,6.7,0.5
2002.0,4,3.4,7.0,1.0,5838.0,7,40.5,Suburb,373126.0,7.4,0.875
1628.0,2,1.5,20.0,0.0,2720.0,8,1.1,Suburb,310524.0,3.5,0.38095238095238093
2307.0,2,1.3,3.0,1.0,4737.0,4,7.6,Rural,295774.0,3.3,1.0
2065.0,2,2.2,21.0,2.0,5490.0,3,1.8,Downtown,386128.0,4.2,0.13636363636363635
2031.0,4,2.7,7.0,1.0,2522.0,7,2.4,Rural,257754.0,6.7,0.875
2134.0,5,3.2,0.0,1.0,6107.0,2,11.0,Waterfront,436918.0,8.2,2.0
2931.0,3,2.4,3.0,2.0,9150.0,5,30.4,Downtown,482309.0,5.4,1.25
1178.0,2,2.1,54.0,2.0,2495.0,7,7.2,Downtown,276466.0,4.1,0.12727272727272726
2060.0,3,3.5,40.0,0.0,4594.0,1,15.2,Waterfront,377384.0,6.5,0.024390243902439025
1290.0,3,2.7,5.0,1.0,4074.0,4,0.2,Downtown,255142.0,5.7,0.6666666666666666
2106.0,3,2.9,30.0,1.0,6284.0,2,0.3,Rural,268347.0,5.9,0.06451612903225806
1295.0,4,2.6,19.0,2.0,2412.0,6,7.3,Suburb,229623.0,6.6,0.3
1570.0,4,2.4,71.0,0.0,3054.0,1,3.9,Downtown,237937.0,6.4,0.013888888888888888
1638.0,2,1.7,9.0,2.0,4523.0,7,17.6,Rural,267748.0,3.7,0.7
2337.0,1,1.2,23.0,1.0,5832.0,3,2.9,Suburb,327248.0,2.2,0.125
2305.0,5,3.0,1.0,1.0,3626.0,1,4.5,Suburb,341473.0,8.0,0.5
1115.0,2,1.6,10.0,3.0,2133.0,8,6.0,Suburb,260512.0,3.6,0.7272727272727273
1830.0,2,1.9,66.0,0.0,5984.0,7,2.6,Suburb,287582.0,3.9,0.1044776119402985
1410.0,2,1.9,15.0,1.0,3924.0,2,19.1,Downtown,264141.0,3.9,0.125
1108.0,1,1.4,7.0,0.0,3842.0,7,5.0,Suburb,239094.0,2.4,0.875
1681.0,3,2.4,3.0,2.0,4983.0,3,4.4,Waterfront,378346.0,5.4,0.75
1630.0,4,2.6,24.0,2.0,5487.0,9,15.2,Downtown,349764.0,6.6,0.36
3135.0,3,2.0,21.0,1.0,5321.0,8,3.0,Suburb,457112.0,5.0,0.36363636363636365
2038.0,3,1.7,9.0,0.0,6062.0,5,13.6,Suburb,360706.0,4.7,0.5
1042.0,4,3.8,60.0,1.0,1299.0,7,1.0,Rural,162984.0,7.8,0.11475409836065574
1489.0,3,2.3,0.0,2.0,4084.0,3,1.6,Downtown,291636.0,5.3,3.0
2362.0,4,2.8,7.0,2.0,5384.0,1,24.1,Waterfront,456387.0,6.8,0.125
2949.0,4,2.4,51.0,2.0,5891.0,1,14.8,Suburb,340720.0,6.4,0.019230769230769232
928.0,1,2.6,8.0,2.0,2954.0,2,3.9,Downtown,261170.0,3.6,0.2222222222222222
766.0,4,2.4,6.0,1.0,2424.0,8,8.1,Downtown,247474.0,6.4,1.1428571428571428
2829.0,3,2.1,15.0,1.0,3540.0,1,22.9,Downtown,372167.0,5.1,0.0625
2014.0,5,3.7,35.0,1.0,5240.0,5,1.9,Suburb,324146.0,8.7,0.1388888888888889
1322.0,3,2.6,2.0,1.0,2705.0,9,0.5,Suburb,310830.0,5.6,3.0
2094.0,5,4.0,57.0,1.0,4515.0,9,6.2,Rural,330855.0,9.0,0.15517241379310345
500.0,4,3.8,32.0,2.0,1557.0,2,1.2,Suburb,141218.0,7.8,0.06060606060606061
1802.0,2,2.0,4.0,2.0,3447.0,7,1.7,Downtown,382701.0,4.0,1.4
1980.0,3,1.8,25.0,3.0,6671.0,1,17.8,Suburb,267902.0,4.8,0.038461538461538464
2308.0,5,3.4,10.0,1.0,3723.0,3,0.2,Rural,292307.0,8.4,0.2727272727272727
1242.0,4,3.1,10.0,2.0,3384.0,6,13.6,Downtown,333509.0,7.1,0.5454545454545454
1847.0,2,2.7,31.0,2.0,5072.0,9,5.8,Downtown,421564.0,4.7,0.28125
1291.0,4,2.2,66.0,2.0,2298.0,10,6.6,Downtown,315836.0,6.2,0.14925373134328357
1940.0,3,2.9,3.0,1.0,3777.0,2,8.9,Rural,211158.0,5.9,0.5
1308.0,1,1.2,11.0,1.0,4081.0,7,4.5,Suburb,262208.0,2.2,0.5833333333333334
1576.0,3,2.7,13.0,0.0,4653.0,4,1.0,Suburb,271840.0,5.7,0.2857142857142857
1252.0,2,1.6,9.0,1.0,2450.0,2,0.9,Rural,159731.0,3.6,0.2
2158.0,4,2.5,9.0,2.0,5240.0,3,11.2,Rural,266907.0,6.5,0.3
2272.0,3,2.7,1.0,0.0,3049.0,6,2.0,Suburb,345858.0,5.7,3.0
1671.0,4,3.2,23.0,1.0,2807.0,10,0.2,Rural,279664.0,7.2,0.4166666666666667
1821.0,1,1.6,11.0,2.0,4220.0,9,31.1,Downtown,368665.0,2.6,0.75
1003.0,3,2.3,4.0,2.0,1402.0,8,31.5,Downtown,253396.0,5.3,1.6
1635.0,2,1.4,34.0,2.0,5133.0,10,3.8,Downtown,384623.0,3.4,0.2857142857142857
1772.0,2,1.0,32.0,2.0,5053.0,9,0.2,Downtown,405134.0,3.0,0.2727272727272727
3241.0,2,2.1,13.0,1.0,10923.0,4,10.4,Suburb,451822.0,4.1,0.2857142857142857
1188.0,2,1.9,7.0,1.0,3320.0,4,14.2,Waterfront,307916.0,3.9,0.5
2605.0,3,1.8,20.0,1.0,8760.0,9,1.1,Downtown,489243.0,4.8,0.42857142857142855
2348.0,3,2.0,7.0,2.0,5812.0,8,1.2,Downtown,466213.0,5.0,1.0
1954.0,3,2.1,5.0,3.0,5042.0,2,13.8,Suburb,302087.0,5.1,0.3333333333333333
2767.0,3,1.6,26.0,0.0,9538.0,8,20.4,Waterfront,605918.0,4.6,0.2962962962962963
2005.0,4,2.5,1.0,2.0,5367.0,1,12.5,Suburb,282922.0,6.5,0.5
2014.0,5,2.9,2.0,1.0,2559.0,9,1.8,Suburb,375450.0,7.9,3.0
1771.0,3,2.1,0.0,2.0,5073.0,9,4.2,Downtown,406040.0,5.1,9.0
2473.0,3,1.9,3.0,0.0,8118.0,8,7.3,Downtown,493165.0,4.9,2.0
2403.0,2,1.0,1.0,1.0,7281.0,5,1.4,Waterfront,516629.0,3.0,2.5
1456.0,5,4.5,100.0,2.0,3702.0,5,1.9,Waterfront,378493.0,9.5,0.04950495049504951
1074.0,2,2.3,7.0,2.0,2947.0,3,2.7,Downtown,255932.0,4.3,0.375
1688.0,3,1.9,3.0,2.0,5870.0,5,5.7,Waterfront,462684.0,4.9,1.25
1360.0,3,2.4,6.0,1.0,1916.0,4,5.7,Suburb,236424.0,5.4,0.5714285714285714
1765.0,3,2.5,55.0,1.0,4827.0,1,13.5,Rural,185229.0,5.5,0.017857142857142856
2481.0,2,2.3,15.0,1.0,4594.0,9,11.2,Suburb,380431.0,4.3,0.5625
1548.0,4,2.5,9.0,2.0,4137.0,10,19.6,Suburb,302582.0,6.5,1.0
1776.0,2,2.2,41.0,3.0,4613.0,4,14.3,Suburb,270291.0,4.2,0.09523809523809523
1832.0,4,2.6,10.0,1.0,2845.0,3,2.3,Suburb,242543.0,6.6,0.2727272727272727
2267.0,2,1.0,8.0,1.0,3798.0,6,3.2,Downtown,415101.0,3.0,0.6666666666666666
564.0,2,2.1,5.0,2.0,1483.0,1,5.6,Downtown,194079.0,4.1,0.16666666666666666
1466.0,5,4.1,9.0,1.0,2192.0,5,0.2,Suburb,278241.0,9.1,0.5
1916.0,2,3.0,8.0,2.0,3468.0,7,18.7,Rural,262611.0,5.0,0.7777777777777778
2460.0,4,2.3,23.0,1.0,7678.0,2,0.4,Downtown,421189.0,6.3,0.08333333333333333
1529.0,3,2.6,7.0,2.0,2985.0,10,3.1,Suburb,300278.0,5.6,1.25
768.0,2,1.5,17.0,2.0,1784.0,9,6.7,Waterfront,328234.0,3.5,0.5
2141.0,5,3.9,1.0,2.0,7204.0,6,5.8,Downtown,470439.0,8.9,3.0
1451.0,2,1.0,4.0,2.0,2499.0,2,8.5,Suburb,205241.0,3.0,0.4
1146.0,4,2.3,10.0,1.0,2402.0,8,6.0,Suburb,267256.0,6.3,0.7272727272727273
1457.0,2,1.3,55.0,2.0,3781.0,8,2.1,Rural,216004.0,3.3,0.14285714285714285
1699.0,4,2.9,9.0,2.0,4990.0,1,1.8,Downtown,343319.0,6.9,0.1
1467.0,1,1.0,22.0,1.0,4803.0,1,19.0,Suburb,207661.0,2.0,0.043478260869565216
587.0,3,2.6,6.0,1.0,1940.0,1,2.5,Rural,117827.0,5.6,0.14285714285714285
2293.0,4,3.4,3.0,0.0,6848.0,4,2.6,Waterfront,548165.0,7.4,1.0
2501.0,5,3.8,1.0,2.0,4315.0,4,4.3,Suburb,358500.0,8.8,2.0
2158.0,5,4.3,7.0,1.0,2713.0,8,1.2,Suburb,377835.0,9.3,1.0
1174.0,4,3.1,3.0,2.0,2445.0,1,5.7,Suburb,215564.0,7.1,0.25
1689.0,4,2.3,4.0,1.0,2577.0,10,8.7,Rural,251478.0,6.3,2.0
1796.0,2,2.4,29.0,2.0,5090.0,3,12.3,Suburb,315419.0,4.4,0.1
2129.0,3,2.0,0.0,1.0,5792.0,1,9.9,Downtown,357554.0,5.0,1.0
2168.0,3,2.8,16.0,1.0,2821.0,9,1.3,Waterfront,520872.0,5.8,0.5294117647058824
1396.0,3,3.1,10.0,2.0,4361.0,10,4.9,Suburb,338193.0,6.1,0.9090909090909091
1845.0,3,2.5,14.0,2.0,3270.0,9,0.3,Suburb,338030.0,5.5,0.6
2052.0,3,1.6,17.0,1.0,4502.0,7,0.2,Downtown,415836.0,4.6,0.3888888888888889
2601.0,2,1.2,8.0,1.0,7117.0,8,4.6,Suburb,431813.0,3.2,0.8888888888888888
2187.0,4,3.6,7.0,1.0,4784.0,1,2.3,Suburb,318073.0,7.6,0.125
2234.0,2,1.6,26.0,2.0,4948.0,5,9.2,Suburb,349751.0,3.6,0.18518518518518517
1846.0,3,2.3,41.0,2.0,2494.0,2,10.3,Downtown,314055.0,5.3,0.047619047619047616
2576.0,3,2.7,4.0,2.0,5470.0,1,18.1,Suburb,356494.0,5.7,0.2
2025.0,4,3.2,2.0,2.0,5992.0,3,11.4,Waterfront,447317.0,7.2,1.0
1326.0,4,3.0,46.0,2.0,4382.0,7,0.4,Downtown,324544.0,7.0,0.14893617021276595
2572.0,4,2.8,9.0,0.0,5532.0,1,3.7,Waterfront,495603.0,6.8,0.1
2184.0,2,1.5,16.0,3.0,4749.0,2,2.6,Suburb,318798.0,3.5,0.11764705882352941
1556.0,3,2.7,9.0,2.0,4382.0,2,3.9,Rural,198201.0,5.7,0.2
1536.0,2,2.0,3.0,1.0,5174.0,4,1.4,Rural,217693.0,4.0,1.0
1963.0,3,2.2,18.0,1.0,3561.0,3,0.8,Suburb,299883.0,5.2,0.15789473684210525
2055.0,3,2.8,15.0,0.0,4546.0,3,5.9,Rural,216549.0,5.8,0.1875
1909.0,1,1.0,5.0,0.0,5786.0,10,10.2,Rural,277301.0,2.0,1.6666666666666667
1971.0,3,1.9,12.0,2.0,5129.0,5,9.7,Suburb,334919.0,4.9,0.38461538461538464
2735.0,5,3.1,32.0,2.0,3978.0,3,4.8,Suburb,378342.0,8.1,0.09090909090909091
2389.0,5,3.0,18.0,2.0,6316.0,7,5.9,Suburb,386426.0,8.0,0.3684210526315789
1905.0,3,2.2,2.0,2.0,3104.0,5,5.8,Rural,235530.0,5.2,1.6666666666666667
2318.0,1,1.7,16.0,2.0,5502.0,4,9.4,Rural,295584.0,2.7,0.23529411764705882
1232.0,2,1.3,24.0,2.0,2978.0,3,0.4,Rural,158201.0,3.3,0.12
2019.0,3,2.4,31.0,0.0,6492.0,4,9.9,Suburb,335021.0,5.4,0.125
2795.0,5,3.2,20.0,1.0,6327.0,2,7.0,Rural,298161.0,8.2,0.09523809523809523
1680.0,2,1.6,3.0,2.0,3096.0,1,1.8,Downtown,307507.0,3.6,0.25
1334.0,4,2.1,25.0,0.0,2309.0,3,0.4,Suburb,234510.0,6.1,0.11538461538461539
1441.0,2,1.6,23.0,0.0,4627.0,2,0.9,Downtown,261654.0,3.6,0.08333333333333333
1201.0,5,3.4,0.0,2.0,1914.0,1,6.0,Suburb,187001.0,8.4,1.0
1368.0,3,2.6,11.0,2.0,2982.0,1,11.4,Suburb,226986.0,5.6,0.08333333333333333
1596.0,4,3.0,8.0,1.0,2602.0,2,3.3,Suburb,258766.0,7.0,0.2222222222222222
1027.0,3,1.7,22.0,2.0,3059.0,9,3.8,Suburb,267251.0,4.7,0.391304347826087
1809.0,4,3.4,5.0,2.0,4145.0,5,21.8,Suburb,315032.0,7.4,0.8333333333333334
2296.0,2,1.8,18.0,1.0,4610.0,9,1.9,Suburb,353868.0,3.8,0.47368421052631576
1301.0,2,1.8,49.0,0.0,2642.0,8,0.9,Downtown,294249.0,3.8,0.16
2636.0,5,3.5,32.0,3.0,8330.0,6,3.4,Suburb,448478.0,8.5,0.18181818181818182
2081.0,5,3.2,51.0,1.0,5148.0,1,11.0,Downtown,346804.0,8.2,0.019230769230769232
2367.0,4,3.0,77.0,0.0,6749.0,10,7.9,Downtown,427108.0,7.0,0.1282051282051282
1438.0,4,3.1,0.0,2.0,4692.0,5,4.3,Suburb,314149.0,7.1,5.0
2270.0,4,2.0,19.0,2.0,7432.0,1,26.8,Suburb,324943.0,6.0,0.05
1199.0,2,1.4,11.0,1.0,2345.0,7,10.6,Suburb,248533.0,3.4,0.5833333333333334
2290.0,3,2.2,39.0,1.0,7765.0,10,0.5,Suburb,394377.0,5.2,0.25
1895.0,3,2.4,6.0,1.0,2382.0,8,10.9,Suburb,333739.0,5.4,1.1428571428571428
2104.0,4,3.5,79.0,3.0,4348.0,8,0.2,Rural,253011.0,7.5,0.1
